timestamp,topic,device_type,mac,state,payload
2025-11-25T12:03:53,application/d54c3bb7-cc62-4055-b215-a27fc3744fa9/device/cc5a57ff44afc647/event/join,device,cc5a57ff44afc647,join,"{""deduplicationId"":""edb2da59-3e6a-443d-b4fd-9af645f26f10"",""time"":""1980-01-22T18:15:07.433+00:00"",""deviceInfo"":{""tenantId"":""7719f072-0097-4699-a4cd-5eb8d36eb080"",""tenantName"":""ChirpStack"",""applicationId"":""d54c3bb7-cc62-4055-b215-a27fc3744fa9"",""applicationName"":""app"",""deviceProfileId"":""63bc6c28-f5c8-4730-99ca-b292c19d06c0"",""deviceProfileName"":""device"",""deviceName"":""semaphore5 "",""devEui"":""cc5a57ff44afc647"",""deviceClassEnabled"":""CLASS_A"",""tags"":{}},""devAddr"":""0084fbfb"",""regionConfigId"":""eu868""}"
2025-11-25T12:03:53,application/d54c3bb7-cc62-4055-b215-a27fc3744fa9/device/1feb57301380d1e4/event/join,device,1feb57301380d1e4,join,"{""deduplicationId"":""0f2e0021-ccd8-4e51-a41f-85e116e3ea53"",""time"":""1980-01-22T18:15:07.433+00:00"",""deviceInfo"":{""tenantId"":""7719f072-0097-4699-a4cd-5eb8d36eb080"",""tenantName"":""ChirpStack"",""applicationId"":""d54c3bb7-cc62-4055-b215-a27fc3744fa9"",""applicationName"":""app"",""deviceProfileId"":""63bc6c28-f5c8-4730-99ca-b292c19d06c0"",""deviceProfileName"":""device"",""deviceName"":""semaphore3 "",""devEui"":""1feb57301380d1e4"",""deviceClassEnabled"":""CLASS_A"",""tags"":{}},""devAddr"":""0199abab"",""regionConfigId"":""eu868""}"
2025-11-25T12:03:58,application/d54c3bb7-cc62-4055-b215-a27fc3744fa9/device/505b822573439a24/event/up,device,505b822573439a24,up,"{""deduplicationId"":""036a396d-2ccd-4904-8510-9aeb5f8458ad"",""time"":""1980-01-22T18:15:07.438+00:00"",""deviceInfo"":{""tenantId"":""7719f072-0097-4699-a4cd-5eb8d36eb080"",""tenantName"":""ChirpStack"",""applicationId"":""d54c3bb7-cc62-4055-b215-a27fc3744fa9"",""applicationName"":""app"",""deviceProfileId"":""63bc6c28-f5c8-4730-99ca-b292c19d06c0"",""deviceProfileName"":""device"",""deviceName"":""semaphore1 "",""devEui"":""505b822573439a24"",""deviceClassEnabled"":""CLASS_A"",""tags"":{}},""devAddr"":""01a3ce7f"",""adr"":false,""dr"":0,""fCnt"":105,""fPort"":1,""confirmed"":true,""data"":""TGlnaHQgaXMgUmVk"",""rxInfo"":[{""gatewayId"":""d83addfffe7c1111"",""uplinkId"":41254,""gwTime"":""2025-11-25T12:03:58+00:00"",""nsTime"":""2025-11-25T12:03:58.359520160+00:00"",""timeSinceGpsEpoch"":""1448107.438s"",""rssi"":-60,""snr"":7.0,""channel"":5,""location"":{""latitude"":44.426782307853124,""longitude"":8.87980815270685,""source"":""GPS""},""context"":""aSWbLg=="",""crcStatus"":""CRC_OK""},{""gatewayId"":""d83addfffe7c2222"",""uplinkId"":24526,""gwTime"":""2025-11-25T12:03:58+00:00"",""nsTime"":""2025-11-25T12:03:58.359393252+00:00"",""timeSinceGpsEpoch"":""1448107.438s"",""rssi"":-60,""snr"":7.0,""channel"":5,""location"":{""latitude"":44.398434766449995,""longitude"":8.97613870000925,""source"":""GPS""},""context"":""aSWbLg=="",""crcStatus"":""CRC_OK""}],""txInfo"":{""frequency"":867500000,""modulation"":{""lora"":{""bandwidth"":125000,""spreadingFactor"":12,""codeRate"":""CR_4_5""}}},""regionConfigId"":""eu868""}"
2025-11-25T12:04:00,application/d54c3bb7-cc62-4055-b215-a27fc3744fa9/device/1feb57301380d1e4/event/join,device,1feb57301380d1e4,join,"{""deduplicationId"":""c9967fcb-2cf5-4196-8b73-39184053d5ff"",""time"":""1980-01-22T18:15:07.440+00:00"",""deviceInfo"":{""tenantId"":""7719f072-0097-4699-a4cd-5eb8d36eb080"",""tenantName"":""ChirpStack"",""applicationId"":""d54c3bb7-cc62-4055-b215-a27fc3744fa9"",""applicationName"":""app"",""deviceProfileId"":""63bc6c28-f5c8-4730-99ca-b292c19d06c0"",""deviceProfileName"":""device"",""deviceName"":""semaphore3 "",""devEui"":""1feb57301380d1e4"",""deviceClassEnabled"":""CLASS_A"",""tags"":{}},""devAddr"":""011800a6"",""regionConfigId"":""eu868""}"
2025-11-25T12:04:05,application/d54c3bb7-cc62-4055-b215-a27fc3744fa9/device/1feb57301380d1e4/event/up,device,1feb57301380d1e4,up,"{""deduplicationId"":""6c6b1624-9de9-4e30-8346-8ffb5d95e47f"",""time"":""1980-01-22T18:15:07.445+00:00"",""deviceInfo"":{""tenantId"":""7719f072-0097-4699-a4cd-5eb8d36eb080"",""tenantName"":""ChirpStack"",""applicationId"":""d54c3bb7-cc62-4055-b215-a27fc3744fa9"",""applicationName"":""app"",""deviceProfileId"":""63bc6c28-f5c8-4730-99ca-b292c19d06c0"",""deviceProfileName"":""device"",""deviceName"":""semaphore3 "",""devEui"":""1feb57301380d1e4"",""deviceClassEnabled"":""CLASS_A"",""tags"":{}},""devAddr"":""011800a6"",""adr"":false,""dr"":0,""fCnt"":57,""fPort"":1,""confirmed"":true,""data"":""TGlnaHQgaXMgUmVk"",""rxInfo"":[{""gatewayId"":""d83addfffe7c2222"",""uplinkId"":34940,""gwTime"":""2025-11-25T12:04:05+00:00"",""nsTime"":""2025-11-25T12:04:05.362694678+00:00"",""timeSinceGpsEpoch"":""1448107.445s"",""rssi"":-60,""snr"":7.0,""channel"":3,""location"":{""latitude"":44.398434766449995,""longitude"":8.97613870000925,""source"":""GPS""},""context"":""aSWbNQ=="",""crcStatus"":""CRC_OK""},{""gatewayId"":""d83addfffe7c1111"",""uplinkId"":15510,""gwTime"":""2025-11-25T12:04:05+00:00"",""nsTime"":""2025-11-25T12:04:05.362327640+00:00"",""timeSinceGpsEpoch"":""1448107.445s"",""rssi"":-60,""snr"":7.0,""channel"":3,""location"":{""latitude"":44.426782307853124,""longitude"":8.87980815270685,""source"":""GPS""},""context"":""aSWbNQ=="",""crcStatus"":""CRC_OK""}],""txInfo"":{""frequency"":867100000,""modulation"":{""lora"":{""bandwidth"":125000,""spreadingFactor"":12,""codeRate"":""CR_4_5""}}},""regionConfigId"":""eu868""}"
2025-11-25T12:04:06,application/d54c3bb7-cc62-4055-b215-a27fc3744fa9/device/08d2f7f3479e6e7d/event/join,device,08d2f7f3479e6e7d,join,"{""deduplicationId"":""a55ab3c1-1fa5-4b76-935a-ddd3c4f6c178"",""time"":""1980-01-22T18:15:07.446+00:00"",""deviceInfo"":{""tenantId"":""7719f072-0097-4699-a4cd-5eb8d36eb080"",""tenantName"":""ChirpStack"",""applicationId"":""d54c3bb7-cc62-4055-b215-a27fc3744fa9"",""applicationName"":""app"",""deviceProfileId"":""63bc6c28-f5c8-4730-99ca-b292c19d06c0"",""deviceProfileName"":""device"",""deviceName"":""semaphore2 "",""devEui"":""08d2f7f3479e6e7d"",""deviceClassEnabled"":""CLASS_A"",""tags"":{}},""devAddr"":""017358e7"",""regionConfigId"":""eu868""}"
2025-11-25T12:04:07,application/d54c3bb7-cc62-4055-b215-a27fc3744fa9/device/cc5a57ff44afc647/event/up,device,cc5a57ff44afc647,up,"{""deduplicationId"":""886a1ff6-5d2d-4809-8365-b1df3a9b8c3c"",""time"":""1980-01-22T18:15:07.447+00:00"",""deviceInfo"":{""tenantId"":""7719f072-0097-4699-a4cd-5eb8d36eb080"",""tenantName"":""ChirpStack"",""applicationId"":""d54c3bb7-cc62-4055-b215-a27fc3744fa9"",""applicationName"":""app"",""deviceProfileId"":""63bc6c28-f5c8-4730-99ca-b292c19d06c0"",""deviceProfileName"":""device"",""deviceName"":""semaphore5 "",""devEui"":""cc5a57ff44afc647"",""deviceClassEnabled"":""CLASS_A"",""tags"":{}},""devAddr"":""0084fbfb"",""adr"":false,""dr"":0,""fCnt"":50,""fPort"":1,""confirmed"":true,""data"":""TGlnaHQgaXMgUmVk"",""rxInfo"":[{""gatewayId"":""d83addfffe7c2222"",""uplinkId"":25859,""gwTime"":""2025-11-25T12:04:07+00:00"",""nsTime"":""2025-11-25T12:04:07.357930023+00:00"",""timeSinceGpsEpoch"":""1448107.447s"",""rssi"":-60,""snr"":7.0,""channel"":6,""location"":{""latitude"":44.398434766449995,""longitude"":8.97613870000925,""source"":""GPS""},""context"":""aSWbNw=="",""crcStatus"":""CRC_OK""}],""txInfo"":{""frequency"":867700000,""modulation"":{""lora"":{""bandwidth"":125000,""spreadingFactor"":12,""codeRate"":""CR_4_5""}}},""regionConfigId"":""eu868""}"
2025-11-25T12:04:08,application/d54c3bb7-cc62-4055-b215-a27fc3744fa9/device/505b822573439a24/event/up,device,505b822573439a24,up,"{""deduplicationId"":""8fb59571-5555-41f2-afe3-fd5cf9d3d5d8"",""time"":""1980-01-22T18:15:07.448+00:00"",""deviceInfo"":{""tenantId"":""7719f072-0097-4699-a4cd-5eb8d36eb080"",""tenantName"":""ChirpStack"",""applicationId"":""d54c3bb7-cc62-4055-b215-a27fc3744fa9"",""applicationName"":""app"",""deviceProfileId"":""63bc6c28-f5c8-4730-99ca-b292c19d06c0"",""deviceProfileName"":""device"",""deviceName"":""semaphore1 "",""devEui"":""505b822573439a24"",""deviceClassEnabled"":""CLASS_A"",""tags"":{}},""devAddr"":""01a3ce7f"",""adr"":false,""dr"":0,""fCnt"":106,""fPort"":1,""confirmed"":true,""data"":""TGlnaHQgaXMgUmVk"",""rxInfo"":[{""gatewayId"":""d83addfffe7c2222"",""uplinkId"":33202,""gwTime"":""2025-11-25T12:04:08+00:00"",""nsTime"":""2025-11-25T12:04:08.359403354+00:00"",""timeSinceGpsEpoch"":""1448107.448s"",""rssi"":-60,""snr"":7.0,""channel"":7,""location"":{""latitude"":44.398434766449995,""longitude"":8.97613870000925,""source"":""GPS""},""context"":""aSWbOA=="",""crcStatus"":""CRC_OK""},{""gatewayId"":""d83addfffe7c1111"",""uplinkId"":46769,""gwTime"":""2025-11-25T12:04:08+00:00"",""nsTime"":""2025-11-25T12:04:08.359218568+00:00"",""timeSinceGpsEpoch"":""1448107.448s"",""rssi"":-60,""snr"":7.0,""channel"":7,""location"":{""latitude"":44.426782307853124,""longitude"":8.87980815270685,""source"":""GPS""},""context"":""aSWbOA=="",""crcStatus"":""CRC_OK""}],""txInfo"":{""frequency"":867900000,""modulation"":{""lora"":{""bandwidth"":125000,""spreadingFactor"":12,""codeRate"":""CR_4_5""}}},""regionConfigId"":""eu868""}"
2025-11-25T12:04:17,application/d54c3bb7-cc62-4055-b215-a27fc3744fa9/device/08d2f7f3479e6e7d/event/up,device,08d2f7f3479e6e7d,up,"{""deduplicationId"":""1828f59d-2a2d-41f3-a989-65ca0868de78"",""time"":""1980-01-22T18:15:07.457+00:00"",""deviceInfo"":{""tenantId"":""7719f072-0097-4699-a4cd-5eb8d36eb080"",""tenantName"":""ChirpStack"",""applicationId"":""d54c3bb7-cc62-4055-b215-a27fc3744fa9"",""applicationName"":""app"",""deviceProfileId"":""63bc6c28-f5c8-4730-99ca-b292c19d06c0"",""deviceProfileName"":""device"",""deviceName"":""semaphore2 "",""devEui"":""08d2f7f3479e6e7d"",""deviceClassEnabled"":""CLASS_A"",""tags"":{}},""devAddr"":""017358e7"",""adr"":false,""dr"":0,""fCnt"":84,""fPort"":1,""confirmed"":true,""data"":""TGlnaHQgaXMgR3JlZW4="",""rxInfo"":[{""gatewayId"":""d83addfffe7c2222"",""uplinkId"":53932,""gwTime"":""2025-11-25T12:04:17+00:00"",""nsTime"":""2025-11-25T12:04:17.353142485+00:00"",""timeSinceGpsEpoch"":""1448107.457s"",""rssi"":-60,""snr"":7.0,""channel"":7,""location"":{""latitude"":44.398434766449995,""longitude"":8.97613870000925,""source"":""GPS""},""context"":""aSWbQQ=="",""crcStatus"":""CRC_OK""},{""gatewayId"":""d83addfffe7c1111"",""uplinkId"":40618,""gwTime"":""2025-11-25T12:04:17+00:00"",""nsTime"":""2025-11-25T12:04:17.353507925+00:00"",""timeSinceGpsEpoch"":""1448107.457s"",""rssi"":-60,""snr"":7.0,""channel"":7,""location"":{""latitude"":44.426782307853124,""longitude"":8.87980815270685,""source"":""GPS""},""context"":""aSWbQQ=="",""crcStatus"":""CRC_OK""}],""txInfo"":{""frequency"":867900000,""modulation"":{""lora"":{""bandwidth"":125000,""spreadingFactor"":12,""codeRate"":""CR_4_5""}}},""regionConfigId"":""eu868""}"
2025-11-25T12:04:17,application/d54c3bb7-cc62-4055-b215-a27fc3744fa9/device/1feb57301380d1e4/event/status,device,1feb57301380d1e4,status,"{""deduplicationId"":""90a50568-d6e0-4fb1-acbe-af20f42bd3bb"",""time"":""1980-01-22T18:15:07.457+00:00"",""deviceInfo"":{""tenantId"":""7719f072-0097-4699-a4cd-5eb8d36eb080"",""tenantName"":""ChirpStack"",""applicationId"":""d54c3bb7-cc62-4055-b215-a27fc3744fa9"",""applicationName"":""app"",""deviceProfileId"":""63bc6c28-f5c8-4730-99ca-b292c19d06c0"",""deviceProfileName"":""device"",""deviceName"":""semaphore3 "",""devEui"":""1feb57301380d1e4"",""deviceClassEnabled"":""CLASS_A"",""tags"":{}},""margin"":12,""externalPowerSource"":true,""batteryLevelUnavailable"":false,""batteryLevel"":0.0}"
2025-11-25T12:04:17,application/d54c3bb7-cc62-4055-b215-a27fc3744fa9/device/1feb57301380d1e4/event/up,device,1feb57301380d1e4,up,"{""deduplicationId"":""90a50568-d6e0-4fb1-acbe-af20f42bd3bb"",""time"":""1980-01-22T18:15:07.457+00:00"",""deviceInfo"":{""tenantId"":""7719f072-0097-4699-a4cd-5eb8d36eb080"",""tenantName"":""ChirpStack"",""applicationId"":""d54c3bb7-cc62-4055-b215-a27fc3744fa9"",""applicationName"":""app"",""deviceProfileId"":""63bc6c28-f5c8-4730-99ca-b292c19d06c0"",""deviceProfileName"":""device"",""deviceName"":""semaphore3 "",""devEui"":""1feb57301380d1e4"",""deviceClassEnabled"":""CLASS_A"",""tags"":{}},""devAddr"":""011800a6"",""adr"":false,""dr"":0,""fCnt"":58,""fPort"":1,""confirmed"":true,""data"":""TGlnaHQgaXMgUmVk"",""rxInfo"":[{""gatewayId"":""d83addfffe7c2222"",""uplinkId"":36751,""gwTime"":""2025-11-25T12:04:17+00:00"",""nsTime"":""2025-11-25T12:04:17.357438816+00:00"",""timeSinceGpsEpoch"":""1448107.457s"",""rssi"":-60,""snr"":7.0,""channel"":4,""location"":{""latitude"":44.398434766449995,""longitude"":8.97613870000925,""source"":""GPS""},""context"":""aSWbQQ=="",""crcStatus"":""CRC_OK""},{""gatewayId"":""d83addfffe7c1111"",""uplinkId"":63178,""gwTime"":""2025-11-25T12:04:17+00:00"",""nsTime"":""2025-11-25T12:04:17.355053293+00:00"",""timeSinceGpsEpoch"":""1448107.457s"",""rssi"":-60,""snr"":7.0,""channel"":4,""location"":{""latitude"":44.426782307853124,""longitude"":8.87980815270685,""source"":""GPS""},""context"":""aSWbQQ=="",""crcStatus"":""CRC_OK""}],""txInfo"":{""frequency"":867300000,""modulation"":{""lora"":{""bandwidth"":125000,""spreadingFactor"":12,""codeRate"":""CR_4_5""}}},""regionConfigId"":""eu868""}"
2025-11-25T12:04:18,application/d54c3bb7-cc62-4055-b215-a27fc3744fa9/device/505b822573439a24/event/log,device,505b822573439a24,log,"{""time"":""1980-01-22T18:15:07.458+00:00"",""deviceInfo"":{""tenantId"":""7719f072-0097-4699-a4cd-5eb8d36eb080"",""tenantName"":""ChirpStack"",""applicationId"":""d54c3bb7-cc62-4055-b215-a27fc3744fa9"",""applicationName"":""app"",""deviceProfileId"":""63bc6c28-f5c8-4730-99ca-b292c19d06c0"",""deviceProfileName"":""device"",""deviceName"":""semaphore1 "",""devEui"":""505b822573439a24"",""deviceClassEnabled"":""CLASS_A"",""tags"":{}},""level"":""WARNING"",""code"":""UPLINK_F_CNT_RETRANSMISSION"",""description"":""Uplink was flagged as re-transmission / frame-counter did not increment"",""context"":{""deduplication_id"":""5d496da5-2e73-4e45-a71e-679935162dd3""}}"
2025-11-25T12:04:28,application/d54c3bb7-cc62-4055-b215-a27fc3744fa9/device/505b822573439a24/event/join,device,505b822573439a24,join,"{""deduplicationId"":""8785f31e-dac4-4c24-8b6a-460ef44e4e65"",""time"":""1980-01-22T18:15:07.468+00:00"",""deviceInfo"":{""tenantId"":""7719f072-0097-4699-a4cd-5eb8d36eb080"",""tenantName"":""ChirpStack"",""applicationId"":""d54c3bb7-cc62-4055-b215-a27fc3744fa9"",""applicationName"":""app"",""deviceProfileId"":""63bc6c28-f5c8-4730-99ca-b292c19d06c0"",""deviceProfileName"":""device"",""deviceName"":""semaphore1 "",""devEui"":""505b822573439a24"",""deviceClassEnabled"":""CLASS_A"",""tags"":{}},""devAddr"":""00c3a8e7"",""regionConfigId"":""eu868""}"
2025-11-25T12:04:28,application/d54c3bb7-cc62-4055-b215-a27fc3744fa9/device/08d2f7f3479e6e7d/event/status,device,08d2f7f3479e6e7d,status,"{""deduplicationId"":""e3df0abe-b85d-4d6c-bbf0-66eb40bfa347"",""time"":""1980-01-22T18:15:07.468+00:00"",""deviceInfo"":{""tenantId"":""7719f072-0097-4699-a4cd-5eb8d36eb080"",""tenantName"":""ChirpStack"",""applicationId"":""d54c3bb7-cc62-4055-b215-a27fc3744fa9"",""applicationName"":""app"",""deviceProfileId"":""63bc6c28-f5c8-4730-99ca-b292c19d06c0"",""deviceProfileName"":""device"",""deviceName"":""semaphore2 "",""devEui"":""08d2f7f3479e6e7d"",""deviceClassEnabled"":""CLASS_A"",""tags"":{}},""margin"":-18,""externalPowerSource"":true,""batteryLevelUnavailable"":false,""batteryLevel"":0.0}"
2025-11-25T12:04:28,application/d54c3bb7-cc62-4055-b215-a27fc3744fa9/device/08d2f7f3479e6e7d/event/up,device,08d2f7f3479e6e7d,up,"{""deduplicationId"":""e3df0abe-b85d-4d6c-bbf0-66eb40bfa347"",""time"":""1980-01-22T18:15:07.468+00:00"",""deviceInfo"":{""tenantId"":""7719f072-0097-4699-a4cd-5eb8d36eb080"",""tenantName"":""ChirpStack"",""applicationId"":""d54c3bb7-cc62-4055-b215-a27fc3744fa9"",""applicationName"":""app"",""deviceProfileId"":""63bc6c28-f5c8-4730-99ca-b292c19d06c0"",""deviceProfileName"":""device"",""deviceName"":""semaphore2 "",""devEui"":""08d2f7f3479e6e7d"",""deviceClassEnabled"":""CLASS_A"",""tags"":{}},""devAddr"":""017358e7"",""adr"":false,""dr"":0,""fCnt"":85,""fPort"":1,""confirmed"":true,""data"":""TGlnaHQgaXMgR3JlZW4="",""rxInfo"":[{""gatewayId"":""d83addfffe7c2222"",""uplinkId"":58452,""gwTime"":""2025-11-25T12:04:28+00:00"",""nsTime"":""2025-11-25T12:04:28.354722157+00:00"",""timeSinceGpsEpoch"":""1448107.468s"",""rssi"":-60,""snr"":7.0,""channel"":6,""location"":{""latitude"":44.398434766449995,""longitude"":8.97613870000925,""source"":""GPS""},""context"":""aSWbTA=="",""crcStatus"":""CRC_OK""},{""gatewayId"":""d83addfffe7c1111"",""uplinkId"":20884,""gwTime"":""2025-11-25T12:04:28+00:00"",""nsTime"":""2025-11-25T12:04:28.354465997+00:00"",""timeSinceGpsEpoch"":""1448107.468s"",""rssi"":-60,""snr"":7.0,""channel"":6,""location"":{""latitude"":44.426782307853124,""longitude"":8.87980815270685,""source"":""GPS""},""context"":""aSWbTA=="",""crcStatus"":""CRC_OK""}],""txInfo"":{""frequency"":867700000,""modulation"":{""lora"":{""bandwidth"":125000,""spreadingFactor"":12,""codeRate"":""CR_4_5""}}},""regionConfigId"":""eu868""}"
2025-11-25T12:04:29,application/d54c3bb7-cc62-4055-b215-a27fc3744fa9/device/1feb57301380d1e4/event/log,device,1feb57301380d1e4,log,"{""time"":""1980-01-22T18:15:07.469+00:00"",""deviceInfo"":{""tenantId"":""7719f072-0097-4699-a4cd-5eb8d36eb080"",""tenantName"":""ChirpStack"",""applicationId"":""d54c3bb7-cc62-4055-b215-a27fc3744fa9"",""applicationName"":""app"",""deviceProfileId"":""63bc6c28-f5c8-4730-99ca-b292c19d06c0"",""deviceProfileName"":""device"",""deviceName"":""semaphore3 "",""devEui"":""1feb57301380d1e4"",""deviceClassEnabled"":""CLASS_A"",""tags"":{}},""level"":""WARNING"",""code"":""UPLINK_F_CNT_RETRANSMISSION"",""description"":""Uplink was flagged as re-transmission / frame-counter did not increment"",""context"":{""deduplication_id"":""2615b403-40e4-4995-a187-ac39c13ebc75""}}"
2025-11-25T12:04:38,application/d54c3bb7-cc62-4055-b215-a27fc3744fa9/device/505b822573439a24/event/up,device,505b822573439a24,up,"{""deduplicationId"":""a17b5372-3c5c-4601-917d-3885f11e1629"",""time"":""1980-01-22T18:15:07.478+00:00"",""deviceInfo"":{""tenantId"":""7719f072-0097-4699-a4cd-5eb8d36eb080"",""tenantName"":""ChirpStack"",""applicationId"":""d54c3bb7-cc62-4055-b215-a27fc3744fa9"",""applicationName"":""app"",""deviceProfileId"":""63bc6c28-f5c8-4730-99ca-b292c19d06c0"",""deviceProfileName"":""device"",""deviceName"":""semaphore1 "",""devEui"":""505b822573439a24"",""deviceClassEnabled"":""CLASS_A"",""tags"":{}},""devAddr"":""00c3a8e7"",""adr"":false,""dr"":0,""fCnt"":107,""fPort"":1,""confirmed"":true,""data"":""TGlnaHQgaXMgUmVk"",""rxInfo"":[{""gatewayId"":""d83addfffe7c1111"",""uplinkId"":27812,""gwTime"":""2025-11-25T12:04:38+00:00"",""nsTime"":""2025-11-25T12:04:38.360194619+00:00"",""timeSinceGpsEpoch"":""1448107.478s"",""rssi"":-60,""snr"":7.0,""channel"":6,""location"":{""latitude"":44.426782307853124,""longitude"":8.87980815270685,""source"":""GPS""},""context"":""aSWbVg=="",""crcStatus"":""CRC_OK""},{""gatewayId"":""d83addfffe7c2222"",""uplinkId"":8307,""gwTime"":""2025-11-25T12:04:38+00:00"",""nsTime"":""2025-11-25T12:04:38.359869890+00:00"",""timeSinceGpsEpoch"":""1448107.478s"",""rssi"":-60,""snr"":7.0,""channel"":6,""location"":{""latitude"":44.398434766449995,""longitude"":8.97613870000925,""source"":""GPS""},""context"":""aSWbVg=="",""crcStatus"":""CRC_OK""}],""txInfo"":{""frequency"":867700000,""modulation"":{""lora"":{""bandwidth"":125000,""spreadingFactor"":12,""codeRate"":""CR_4_5""}}},""regionConfigId"":""eu868""}"
2025-11-25T12:04:39,application/d54c3bb7-cc62-4055-b215-a27fc3744fa9/device/08d2f7f3479e6e7d/event/up,device,08d2f7f3479e6e7d,up,"{""deduplicationId"":""0a94cebc-ad5f-47da-acbe-a612c827a090"",""time"":""1980-01-22T18:15:07.479+00:00"",""deviceInfo"":{""tenantId"":""7719f072-0097-4699-a4cd-5eb8d36eb080"",""tenantName"":""ChirpStack"",""applicationId"":""d54c3bb7-cc62-4055-b215-a27fc3744fa9"",""applicationName"":""app"",""deviceProfileId"":""63bc6c28-f5c8-4730-99ca-b292c19d06c0"",""deviceProfileName"":""device"",""deviceName"":""semaphore2 "",""devEui"":""08d2f7f3479e6e7d"",""deviceClassEnabled"":""CLASS_A"",""tags"":{}},""devAddr"":""017358e7"",""adr"":false,""dr"":0,""fCnt"":86,""fPort"":1,""confirmed"":true,""data"":""TGlnaHQgaXMgR3JlZW4="",""rxInfo"":[{""gatewayId"":""d83addfffe7c2222"",""uplinkId"":701,""gwTime"":""2025-11-25T12:04:39+00:00"",""nsTime"":""2025-11-25T12:04:39.353708073+00:00"",""timeSinceGpsEpoch"":""1448107.479s"",""rssi"":-60,""snr"":7.0,""channel"":2,""location"":{""latitude"":44.398434766449995,""longitude"":8.97613870000925,""source"":""GPS""},""context"":""aSWbVw=="",""crcStatus"":""CRC_OK""},{""gatewayId"":""d83addfffe7c1111"",""uplinkId"":53567,""gwTime"":""2025-11-25T12:04:39+00:00"",""nsTime"":""2025-11-25T12:04:39.352996760+00:00"",""timeSinceGpsEpoch"":""1448107.479s"",""rssi"":-60,""snr"":7.0,""channel"":2,""location"":{""latitude"":44.426782307853124,""longitude"":8.87980815270685,""source"":""GPS""},""context"":""aSWbVw=="",""crcStatus"":""CRC_OK""}],""txInfo"":{""frequency"":868500000,""modulation"":{""lora"":{""bandwidth"":125000,""spreadingFactor"":12,""codeRate"":""CR_4_5""}}},""regionConfigId"":""eu868""}"
2025-11-25T12:04:41,application/d54c3bb7-cc62-4055-b215-a27fc3744fa9/device/1feb57301380d1e4/event/join,device,1feb57301380d1e4,join,"{""deduplicationId"":""8a0d7385-ed64-4658-aaf8-d1e6cd03d2a8"",""time"":""1980-01-22T18:15:07.481+00:00"",""deviceInfo"":{""tenantId"":""7719f072-0097-4699-a4cd-5eb8d36eb080"",""tenantName"":""ChirpStack"",""applicationId"":""d54c3bb7-cc62-4055-b215-a27fc3744fa9"",""applicationName"":""app"",""deviceProfileId"":""63bc6c28-f5c8-4730-99ca-b292c19d06c0"",""deviceProfileName"":""device"",""deviceName"":""semaphore3 "",""devEui"":""1feb57301380d1e4"",""deviceClassEnabled"":""CLASS_A"",""tags"":{}},""devAddr"":""00e749d9"",""regionConfigId"":""eu868""}"
2025-11-25T12:04:49,application/d54c3bb7-cc62-4055-b215-a27fc3744fa9/device/cc5a57ff44afc647/event/join,device,cc5a57ff44afc647,join,"{""deduplicationId"":""59a116b6-b932-425c-9847-fb5d8a262253"",""time"":""1980-01-22T18:15:07.489+00:00"",""deviceInfo"":{""tenantId"":""7719f072-0097-4699-a4cd-5eb8d36eb080"",""tenantName"":""ChirpStack"",""applicationId"":""d54c3bb7-cc62-4055-b215-a27fc3744fa9"",""applicationName"":""app"",""deviceProfileId"":""63bc6c28-f5c8-4730-99ca-b292c19d06c0"",""deviceProfileName"":""device"",""deviceName"":""semaphore5 "",""devEui"":""cc5a57ff44afc647"",""deviceClassEnabled"":""CLASS_A"",""tags"":{}},""devAddr"":""006ae842"",""regionConfigId"":""eu868""}"
2025-11-25T12:04:50,application/d54c3bb7-cc62-4055-b215-a27fc3744fa9/device/08d2f7f3479e6e7d/event/up,device,08d2f7f3479e6e7d,up,"{""deduplicationId"":""5129c185-4fdb-483f-a471-0b68c38b35bc"",""time"":""1980-01-22T18:15:07.490+00:00"",""deviceInfo"":{""tenantId"":""7719f072-0097-4699-a4cd-5eb8d36eb080"",""tenantName"":""ChirpStack"",""applicationId"":""d54c3bb7-cc62-4055-b215-a27fc3744fa9"",""applicationName"":""app"",""deviceProfileId"":""63bc6c28-f5c8-4730-99ca-b292c19d06c0"",""deviceProfileName"":""device"",""deviceName"":""semaphore2 "",""devEui"":""08d2f7f3479e6e7d"",""deviceClassEnabled"":""CLASS_A"",""tags"":{}},""devAddr"":""017358e7"",""adr"":false,""dr"":0,""fCnt"":87,""fPort"":1,""confirmed"":true,""data"":""TGlnaHQgaXMgR3JlZW4="",""rxInfo"":[{""gatewayId"":""d83addfffe7c2222"",""uplinkId"":16648,""gwTime"":""2025-11-25T12:04:50+00:00"",""nsTime"":""2025-11-25T12:04:50.354314962+00:00"",""timeSinceGpsEpoch"":""1448107.490s"",""rssi"":-60,""snr"":7.0,""channel"":5,""location"":{""latitude"":44.398434766449995,""longitude"":8.97613870000925,""source"":""GPS""},""context"":""aSWbYg=="",""crcStatus"":""CRC_OK""},{""gatewayId"":""d83addfffe7c1111"",""uplinkId"":15819,""gwTime"":""2025-11-25T12:04:50+00:00"",""nsTime"":""2025-11-25T12:04:50.353951451+00:00"",""timeSinceGpsEpoch"":""1448107.490s"",""rssi"":-60,""snr"":7.0,""channel"":5,""location"":{""latitude"":44.426782307853124,""longitude"":8.87980815270685,""source"":""GPS""},""context"":""aSWbYg=="",""crcStatus"":""CRC_OK""}],""txInfo"":{""frequency"":867500000,""modulation"":{""lora"":{""bandwidth"":125000,""spreadingFactor"":12,""codeRate"":""CR_4_5""}}},""regionConfigId"":""eu868""}"
2025-11-25T12:04:53,application/d54c3bb7-cc62-4055-b215-a27fc3744fa9/device/1feb57301380d1e4/event/up,device,1feb57301380d1e4,up,"{""deduplicationId"":""1e716796-a7a9-4f18-b61c-a487bb755c7a"",""time"":""1980-01-22T18:15:07.493+00:00"",""deviceInfo"":{""tenantId"":""7719f072-0097-4699-a4cd-5eb8d36eb080"",""tenantName"":""ChirpStack"",""applicationId"":""d54c3bb7-cc62-4055-b215-a27fc3744fa9"",""applicationName"":""app"",""deviceProfileId"":""63bc6c28-f5c8-4730-99ca-b292c19d06c0"",""deviceProfileName"":""device"",""deviceName"":""semaphore3 "",""devEui"":""1feb57301380d1e4"",""deviceClassEnabled"":""CLASS_A"",""tags"":{}},""devAddr"":""00e749d9"",""adr"":false,""dr"":0,""fCnt"":59,""fPort"":1,""confirmed"":true,""data"":""TGlnaHQgaXMgUmVk"",""rxInfo"":[{""gatewayId"":""d83addfffe7c2222"",""uplinkId"":9994,""gwTime"":""2025-11-25T12:04:53+00:00"",""nsTime"":""2025-11-25T12:04:53.356686121+00:00"",""timeSinceGpsEpoch"":""1448107.493s"",""rssi"":-60,""snr"":7.0,""channel"":7,""location"":{""latitude"":44.398434766449995,""longitude"":8.97613870000925,""source"":""GPS""},""context"":""aSWbZQ=="",""crcStatus"":""CRC_OK""},{""gatewayId"":""d83addfffe7c1111"",""uplinkId"":57570,""gwTime"":""2025-11-25T12:04:53+00:00"",""nsTime"":""2025-11-25T12:04:53.356369137+00:00"",""timeSinceGpsEpoch"":""1448107.493s"",""rssi"":-60,""snr"":7.0,""channel"":7,""location"":{""latitude"":44.426782307853124,""longitude"":8.87980815270685,""source"":""GPS""},""context"":""aSWbZQ=="",""crcStatus"":""CRC_OK""}],""txInfo"":{""frequency"":867900000,""modulation"":{""lora"":{""bandwidth"":125000,""spreadingFactor"":12,""codeRate"":""CR_4_5""}}},""regionConfigId"":""eu868""}"
2025-11-25T12:04:58,application/d54c3bb7-cc62-4055-b215-a27fc3744fa9/device/505b822573439a24/event/up,device,505b822573439a24,up,"{""deduplicationId"":""a5c886e4-06cc-4c2c-9e6e-ddf466bb3110"",""time"":""1980-01-22T18:15:07.498+00:00"",""deviceInfo"":{""tenantId"":""7719f072-0097-4699-a4cd-5eb8d36eb080"",""tenantName"":""ChirpStack"",""applicationId"":""d54c3bb7-cc62-4055-b215-a27fc3744fa9"",""applicationName"":""app"",""deviceProfileId"":""63bc6c28-f5c8-4730-99ca-b292c19d06c0"",""deviceProfileName"":""device"",""deviceName"":""semaphore1 "",""devEui"":""505b822573439a24"",""deviceClassEnabled"":""CLASS_A"",""tags"":{}},""devAddr"":""00c3a8e7"",""adr"":false,""dr"":0,""fCnt"":108,""fPort"":1,""confirmed"":true,""data"":""TGlnaHQgaXMgUmVk"",""rxInfo"":[{""gatewayId"":""d83addfffe7c1111"",""uplinkId"":61596,""gwTime"":""2025-11-25T12:04:58+00:00"",""nsTime"":""2025-11-25T12:04:58.359482868+00:00"",""timeSinceGpsEpoch"":""1448107.498s"",""rssi"":-60,""snr"":7.0,""channel"":6,""location"":{""latitude"":44.426782307853124,""longitude"":8.87980815270685,""source"":""GPS""},""context"":""aSWbag=="",""crcStatus"":""CRC_OK""},{""gatewayId"":""d83addfffe7c2222"",""uplinkId"":35294,""gwTime"":""2025-11-25T12:04:58+00:00"",""nsTime"":""2025-11-25T12:04:58.359628130+00:00"",""timeSinceGpsEpoch"":""1448107.498s"",""rssi"":-60,""snr"":7.0,""channel"":6,""location"":{""latitude"":44.398434766449995,""longitude"":8.97613870000925,""source"":""GPS""},""context"":""aSWbag=="",""crcStatus"":""CRC_OK""}],""txInfo"":{""frequency"":867700000,""modulation"":{""lora"":{""bandwidth"":125000,""spreadingFactor"":12,""codeRate"":""CR_4_5""}}},""regionConfigId"":""eu868""}"
2025-11-25T12:05:01,application/d54c3bb7-cc62-4055-b215-a27fc3744fa9/device/08d2f7f3479e6e7d/event/up,device,08d2f7f3479e6e7d,up,"{""deduplicationId"":""941a6e33-27f3-4b6c-b586-18a6b6313e6d"",""time"":""1980-01-22T18:15:07.501+00:00"",""deviceInfo"":{""tenantId"":""7719f072-0097-4699-a4cd-5eb8d36eb080"",""tenantName"":""ChirpStack"",""applicationId"":""d54c3bb7-cc62-4055-b215-a27fc3744fa9"",""applicationName"":""app"",""deviceProfileId"":""63bc6c28-f5c8-4730-99ca-b292c19d06c0"",""deviceProfileName"":""device"",""deviceName"":""semaphore2 "",""devEui"":""08d2f7f3479e6e7d"",""deviceClassEnabled"":""CLASS_A"",""tags"":{}},""devAddr"":""017358e7"",""adr"":false,""dr"":0,""fCnt"":88,""fPort"":1,""confirmed"":true,""data"":""TGlnaHQgaXMgR3JlZW4="",""rxInfo"":[{""gatewayId"":""d83addfffe7c1111"",""uplinkId"":33088,""gwTime"":""2025-11-25T12:05:01+00:00"",""nsTime"":""2025-11-25T12:05:01.353314532+00:00"",""timeSinceGpsEpoch"":""1448107.501s"",""rssi"":-60,""snr"":7.0,""channel"":7,""location"":{""latitude"":44.426782307853124,""longitude"":8.87980815270685,""source"":""GPS""},""context"":""aSWbbQ=="",""crcStatus"":""CRC_OK""},{""gatewayId"":""d83addfffe7c2222"",""uplinkId"":14598,""gwTime"":""2025-11-25T12:05:01+00:00"",""nsTime"":""2025-11-25T12:05:01.353995953+00:00"",""timeSinceGpsEpoch"":""1448107.501s"",""rssi"":-60,""snr"":7.0,""channel"":7,""location"":{""latitude"":44.398434766449995,""longitude"":8.97613870000925,""source"":""GPS""},""context"":""aSWbbQ=="",""crcStatus"":""CRC_OK""}],""txInfo"":{""frequency"":867900000,""modulation"":{""lora"":{""bandwidth"":125000,""spreadingFactor"":12,""codeRate"":""CR_4_5""}}},""regionConfigId"":""eu868""}"
2025-11-25T12:05:03,application/d54c3bb7-cc62-4055-b215-a27fc3744fa9/device/cc5a57ff44afc647/event/up,device,cc5a57ff44afc647,up,"{""deduplicationId"":""842637bd-6db1-46aa-b7ba-5a3c61e14d0c"",""time"":""1980-01-22T18:15:07.503+00:00"",""deviceInfo"":{""tenantId"":""7719f072-0097-4699-a4cd-5eb8d36eb080"",""tenantName"":""ChirpStack"",""applicationId"":""d54c3bb7-cc62-4055-b215-a27fc3744fa9"",""applicationName"":""app"",""deviceProfileId"":""63bc6c28-f5c8-4730-99ca-b292c19d06c0"",""deviceProfileName"":""device"",""deviceName"":""semaphore5 "",""devEui"":""cc5a57ff44afc647"",""deviceClassEnabled"":""CLASS_A"",""tags"":{}},""devAddr"":""006ae842"",""adr"":false,""dr"":0,""fCnt"":51,""fPort"":1,""confirmed"":true,""data"":""TGlnaHQgaXMgUmVk"",""rxInfo"":[{""gatewayId"":""d83addfffe7c2222"",""uplinkId"":19128,""gwTime"":""2025-11-25T12:05:03+00:00"",""nsTime"":""2025-11-25T12:05:03.357222282+00:00"",""timeSinceGpsEpoch"":""1448107.503s"",""rssi"":-60,""snr"":7.0,""channel"":3,""location"":{""latitude"":44.398434766449995,""longitude"":8.97613870000925,""source"":""GPS""},""context"":""aSWbbw=="",""crcStatus"":""CRC_OK""}],""txInfo"":{""frequency"":867100000,""modulation"":{""lora"":{""bandwidth"":125000,""spreadingFactor"":12,""codeRate"":""CR_4_5""}}},""regionConfigId"":""eu868""}"
2025-11-25T12:05:05,application/d54c3bb7-cc62-4055-b215-a27fc3744fa9/device/1feb57301380d1e4/event/status,device,1feb57301380d1e4,status,"{""deduplicationId"":""919bcdd4-9407-443e-9335-42230844a9d4"",""time"":""1980-01-22T18:15:07.505+00:00"",""deviceInfo"":{""tenantId"":""7719f072-0097-4699-a4cd-5eb8d36eb080"",""tenantName"":""ChirpStack"",""applicationId"":""d54c3bb7-cc62-4055-b215-a27fc3744fa9"",""applicationName"":""app"",""deviceProfileId"":""63bc6c28-f5c8-4730-99ca-b292c19d06c0"",""deviceProfileName"":""device"",""deviceName"":""semaphore3 "",""devEui"":""1feb57301380d1e4"",""deviceClassEnabled"":""CLASS_A"",""tags"":{}},""margin"":-2,""externalPowerSource"":true,""batteryLevelUnavailable"":false,""batteryLevel"":0.0}"
2025-11-25T12:05:05,application/d54c3bb7-cc62-4055-b215-a27fc3744fa9/device/1feb57301380d1e4/event/up,device,1feb57301380d1e4,up,"{""deduplicationId"":""919bcdd4-9407-443e-9335-42230844a9d4"",""time"":""1980-01-22T18:15:07.505+00:00"",""deviceInfo"":{""tenantId"":""7719f072-0097-4699-a4cd-5eb8d36eb080"",""tenantName"":""ChirpStack"",""applicationId"":""d54c3bb7-cc62-4055-b215-a27fc3744fa9"",""applicationName"":""app"",""deviceProfileId"":""63bc6c28-f5c8-4730-99ca-b292c19d06c0"",""deviceProfileName"":""device"",""deviceName"":""semaphore3 "",""devEui"":""1feb57301380d1e4"",""deviceClassEnabled"":""CLASS_A"",""tags"":{}},""devAddr"":""00e749d9"",""adr"":false,""dr"":0,""fCnt"":60,""fPort"":1,""confirmed"":true,""data"":""TGlnaHQgaXMgUmVk"",""rxInfo"":[{""gatewayId"":""d83addfffe7c1111"",""uplinkId"":61103,""gwTime"":""2025-11-25T12:05:05+00:00"",""nsTime"":""2025-11-25T12:05:05.356928655+00:00"",""timeSinceGpsEpoch"":""1448107.505s"",""rssi"":-60,""snr"":7.0,""channel"":2,""location"":{""latitude"":44.426782307853124,""longitude"":8.87980815270685,""source"":""GPS""},""context"":""aSWbcQ=="",""crcStatus"":""CRC_OK""},{""gatewayId"":""d83addfffe7c2222"",""uplinkId"":15673,""gwTime"":""2025-11-25T12:05:05+00:00"",""nsTime"":""2025-11-25T12:05:05.356444052+00:00"",""timeSinceGpsEpoch"":""1448107.505s"",""rssi"":-60,""snr"":7.0,""channel"":2,""location"":{""latitude"":44.398434766449995,""longitude"":8.97613870000925,""source"":""GPS""},""context"":""aSWbcQ=="",""crcStatus"":""CRC_OK""}],""txInfo"":{""frequency"":868500000,""modulation"":{""lora"":{""bandwidth"":125000,""spreadingFactor"":12,""codeRate"":""CR_4_5""}}},""regionConfigId"":""eu868""}"
2025-11-25T12:05:08,application/d54c3bb7-cc62-4055-b215-a27fc3744fa9/device/505b822573439a24/event/up,device,505b822573439a24,up,"{""deduplicationId"":""363c4c84-9c5a-4783-ae6f-b24e8c597433"",""time"":""1980-01-22T18:15:07.508+00:00"",""deviceInfo"":{""tenantId"":""7719f072-0097-4699-a4cd-5eb8d36eb080"",""tenantName"":""ChirpStack"",""applicationId"":""d54c3bb7-cc62-4055-b215-a27fc3744fa9"",""applicationName"":""app"",""deviceProfileId"":""63bc6c28-f5c8-4730-99ca-b292c19d06c0"",""deviceProfileName"":""device"",""deviceName"":""semaphore1 "",""devEui"":""505b822573439a24"",""deviceClassEnabled"":""CLASS_A"",""tags"":{}},""devAddr"":""00c3a8e7"",""adr"":false,""dr"":0,""fCnt"":109,""fPort"":1,""confirmed"":true,""data"":""TGlnaHQgaXMgUmVk"",""rxInfo"":[{""gatewayId"":""d83addfffe7c1111"",""uplinkId"":18016,""gwTime"":""2025-11-25T12:05:08+00:00"",""nsTime"":""2025-11-25T12:05:08.361804993+00:00"",""timeSinceGpsEpoch"":""1448107.508s"",""rssi"":-60,""snr"":7.0,""channel"":5,""location"":{""latitude"":44.426782307853124,""longitude"":8.87980815270685,""source"":""GPS""},""context"":""aSWbdA=="",""crcStatus"":""CRC_OK""},{""gatewayId"":""d83addfffe7c2222"",""uplinkId"":40592,""gwTime"":""2025-11-25T12:05:08+00:00"",""nsTime"":""2025-11-25T12:05:08.361581705+00:00"",""timeSinceGpsEpoch"":""1448107.508s"",""rssi"":-60,""snr"":7.0,""channel"":5,""location"":{""latitude"":44.398434766449995,""longitude"":8.97613870000925,""source"":""GPS""},""context"":""aSWbdA=="",""crcStatus"":""CRC_OK""}],""txInfo"":{""frequency"":867500000,""modulation"":{""lora"":{""bandwidth"":125000,""spreadingFactor"":12,""codeRate"":""CR_4_5""}}},""regionConfigId"":""eu868""}"
2025-11-25T12:05:12,application/d54c3bb7-cc62-4055-b215-a27fc3744fa9/device/08d2f7f3479e6e7d/event/up,device,08d2f7f3479e6e7d,up,"{""deduplicationId"":""87ca4606-795e-403d-a195-6eb0ada7c406"",""time"":""1980-01-22T18:15:07.512+00:00"",""deviceInfo"":{""tenantId"":""7719f072-0097-4699-a4cd-5eb8d36eb080"",""tenantName"":""ChirpStack"",""applicationId"":""d54c3bb7-cc62-4055-b215-a27fc3744fa9"",""applicationName"":""app"",""deviceProfileId"":""63bc6c28-f5c8-4730-99ca-b292c19d06c0"",""deviceProfileName"":""device"",""deviceName"":""semaphore2 "",""devEui"":""08d2f7f3479e6e7d"",""deviceClassEnabled"":""CLASS_A"",""tags"":{}},""devAddr"":""017358e7"",""adr"":false,""dr"":0,""fCnt"":89,""fPort"":1,""confirmed"":true,""data"":""TGlnaHQgaXMgR3JlZW4="",""rxInfo"":[{""gatewayId"":""d83addfffe7c2222"",""uplinkId"":62638,""gwTime"":""2025-11-25T12:05:12+00:00"",""nsTime"":""2025-11-25T12:05:12.354773179+00:00"",""timeSinceGpsEpoch"":""1448107.512s"",""rssi"":-60,""snr"":7.0,""location"":{""latitude"":44.398434766449995,""longitude"":8.97613870000925,""source"":""GPS""},""context"":""aSWbeA=="",""crcStatus"":""CRC_OK""},{""gatewayId"":""d83addfffe7c1111"",""uplinkId"":19520,""gwTime"":""2025-11-25T12:05:12+00:00"",""nsTime"":""2025-11-25T12:05:12.354265633+00:00"",""timeSinceGpsEpoch"":""1448107.512s"",""rssi"":-60,""snr"":7.0,""location"":{""latitude"":44.426782307853124,""longitude"":8.87980815270685,""source"":""GPS""},""context"":""aSWbeA=="",""crcStatus"":""CRC_OK""}],""txInfo"":{""frequency"":868100000,""modulation"":{""lora"":{""bandwidth"":125000,""spreadingFactor"":12,""codeRate"":""CR_4_5""}}},""regionConfigId"":""eu868""}"
2025-11-25T12:05:17,application/d54c3bb7-cc62-4055-b215-a27fc3744fa9/device/1feb57301380d1e4/event/up,device,1feb57301380d1e4,up,"{""deduplicationId"":""45f7d72e-7506-4f8d-80ad-569e7019bade"",""time"":""1980-01-22T18:15:07.517+00:00"",""deviceInfo"":{""tenantId"":""7719f072-0097-4699-a4cd-5eb8d36eb080"",""tenantName"":""ChirpStack"",""applicationId"":""d54c3bb7-cc62-4055-b215-a27fc3744fa9"",""applicationName"":""app"",""deviceProfileId"":""63bc6c28-f5c8-4730-99ca-b292c19d06c0"",""deviceProfileName"":""device"",""deviceName"":""semaphore3 "",""devEui"":""1feb57301380d1e4"",""deviceClassEnabled"":""CLASS_A"",""tags"":{}},""devAddr"":""00e749d9"",""adr"":false,""dr"":0,""fCnt"":61,""fPort"":1,""confirmed"":true,""data"":""TGlnaHQgaXMgUmVk"",""rxInfo"":[{""gatewayId"":""d83addfffe7c2222"",""uplinkId"":46912,""gwTime"":""2025-11-25T12:05:17+00:00"",""nsTime"":""2025-11-25T12:05:17.356978597+00:00"",""timeSinceGpsEpoch"":""1448107.517s"",""rssi"":-60,""snr"":7.0,""channel"":3,""location"":{""latitude"":44.398434766449995,""longitude"":8.97613870000925,""source"":""GPS""},""context"":""aSWbfQ=="",""crcStatus"":""CRC_OK""},{""gatewayId"":""d83addfffe7c1111"",""uplinkId"":12798,""gwTime"":""2025-11-25T12:05:17+00:00"",""nsTime"":""2025-11-25T12:05:17.357426787+00:00"",""timeSinceGpsEpoch"":""1448107.517s"",""rssi"":-60,""snr"":7.0,""channel"":3,""location"":{""latitude"":44.426782307853124,""longitude"":8.87980815270685,""source"":""GPS""},""context"":""aSWbfQ=="",""crcStatus"":""CRC_OK""}],""txInfo"":{""frequency"":867100000,""modulation"":{""lora"":{""bandwidth"":125000,""spreadingFactor"":12,""codeRate"":""CR_4_5""}}},""regionConfigId"":""eu868""}"
2025-11-25T12:05:17,application/d54c3bb7-cc62-4055-b215-a27fc3744fa9/device/cc5a57ff44afc647/event/status,device,cc5a57ff44afc647,status,"{""deduplicationId"":""c8304ad2-cbc2-4a85-8816-49727c46f912"",""time"":""1980-01-22T18:15:07.517+00:00"",""deviceInfo"":{""tenantId"":""7719f072-0097-4699-a4cd-5eb8d36eb080"",""tenantName"":""ChirpStack"",""applicationId"":""d54c3bb7-cc62-4055-b215-a27fc3744fa9"",""applicationName"":""app"",""deviceProfileId"":""63bc6c28-f5c8-4730-99ca-b292c19d06c0"",""deviceProfileName"":""device"",""deviceName"":""semaphore5 "",""devEui"":""cc5a57ff44afc647"",""deviceClassEnabled"":""CLASS_A"",""tags"":{}},""margin"":17,""externalPowerSource"":true,""batteryLevelUnavailable"":false,""batteryLevel"":0.0}"
2025-11-25T12:05:17,application/d54c3bb7-cc62-4055-b215-a27fc3744fa9/device/cc5a57ff44afc647/event/up,device,cc5a57ff44afc647,up,"{""deduplicationId"":""c8304ad2-cbc2-4a85-8816-49727c46f912"",""time"":""1980-01-22T18:15:07.517+00:00"",""deviceInfo"":{""tenantId"":""7719f072-0097-4699-a4cd-5eb8d36eb080"",""tenantName"":""ChirpStack"",""applicationId"":""d54c3bb7-cc62-4055-b215-a27fc3744fa9"",""applicationName"":""app"",""deviceProfileId"":""63bc6c28-f5c8-4730-99ca-b292c19d06c0"",""deviceProfileName"":""device"",""deviceName"":""semaphore5 "",""devEui"":""cc5a57ff44afc647"",""deviceClassEnabled"":""CLASS_A"",""tags"":{}},""devAddr"":""006ae842"",""adr"":false,""dr"":0,""fCnt"":52,""fPort"":1,""confirmed"":true,""data"":""TGlnaHQgaXMgUmVk"",""rxInfo"":[{""gatewayId"":""d83addfffe7c2222"",""uplinkId"":21844,""gwTime"":""2025-11-25T12:05:17+00:00"",""nsTime"":""2025-11-25T12:05:17.357581557+00:00"",""timeSinceGpsEpoch"":""1448107.517s"",""rssi"":-60,""snr"":7.0,""channel"":1,""location"":{""latitude"":44.398434766449995,""longitude"":8.97613870000925,""source"":""GPS""},""context"":""aSWbfQ=="",""crcStatus"":""CRC_OK""}],""txInfo"":{""frequency"":868300000,""modulation"":{""lora"":{""bandwidth"":125000,""spreadingFactor"":12,""codeRate"":""CR_4_5""}}},""regionConfigId"":""eu868""}"
2025-11-25T12:05:18,application/d54c3bb7-cc62-4055-b215-a27fc3744fa9/device/505b822573439a24/event/up,device,505b822573439a24,up,"{""deduplicationId"":""82b72de9-6753-4bae-8706-cc6ccbd6d29f"",""time"":""1980-01-22T18:15:07.518+00:00"",""deviceInfo"":{""tenantId"":""7719f072-0097-4699-a4cd-5eb8d36eb080"",""tenantName"":""ChirpStack"",""applicationId"":""d54c3bb7-cc62-4055-b215-a27fc3744fa9"",""applicationName"":""app"",""deviceProfileId"":""63bc6c28-f5c8-4730-99ca-b292c19d06c0"",""deviceProfileName"":""device"",""deviceName"":""semaphore1 "",""devEui"":""505b822573439a24"",""deviceClassEnabled"":""CLASS_A"",""tags"":{}},""devAddr"":""00c3a8e7"",""adr"":false,""dr"":0,""fCnt"":110,""fPort"":1,""confirmed"":true,""data"":""TGlnaHQgaXMgUmVk"",""rxInfo"":[{""gatewayId"":""d83addfffe7c1111"",""uplinkId"":57906,""gwTime"":""2025-11-25T12:05:18+00:00"",""nsTime"":""2025-11-25T12:05:18.359302293+00:00"",""timeSinceGpsEpoch"":""1448107.518s"",""rssi"":-60,""snr"":7.0,""channel"":1,""location"":{""latitude"":44.426782307853124,""longitude"":8.87980815270685,""source"":""GPS""},""context"":""aSWbfg=="",""crcStatus"":""CRC_OK""},{""gatewayId"":""d83addfffe7c2222"",""uplinkId"":27707,""gwTime"":""2025-11-25T12:05:18+00:00"",""nsTime"":""2025-11-25T12:05:18.359719174+00:00"",""timeSinceGpsEpoch"":""1448107.518s"",""rssi"":-60,""snr"":7.0,""channel"":1,""location"":{""latitude"":44.398434766449995,""longitude"":8.97613870000925,""source"":""GPS""},""context"":""aSWbfg=="",""crcStatus"":""CRC_OK""}],""txInfo"":{""frequency"":868300000,""modulation"":{""lora"":{""bandwidth"":125000,""spreadingFactor"":12,""codeRate"":""CR_4_5""}}},""regionConfigId"":""eu868""}"
2025-11-25T12:05:23,application/d54c3bb7-cc62-4055-b215-a27fc3744fa9/device/08d2f7f3479e6e7d/event/up,device,08d2f7f3479e6e7d,up,"{""deduplicationId"":""99caa6da-e86a-4dd0-afb0-96370bbea616"",""time"":""1980-01-22T18:15:07.523+00:00"",""deviceInfo"":{""tenantId"":""7719f072-0097-4699-a4cd-5eb8d36eb080"",""tenantName"":""ChirpStack"",""applicationId"":""d54c3bb7-cc62-4055-b215-a27fc3744fa9"",""applicationName"":""app"",""deviceProfileId"":""63bc6c28-f5c8-4730-99ca-b292c19d06c0"",""deviceProfileName"":""device"",""deviceName"":""semaphore2 "",""devEui"":""08d2f7f3479e6e7d"",""deviceClassEnabled"":""CLASS_A"",""tags"":{}},""devAddr"":""017358e7"",""adr"":false,""dr"":0,""fCnt"":90,""fPort"":1,""confirmed"":true,""data"":""TGlnaHQgaXMgR3JlZW4="",""rxInfo"":[{""gatewayId"":""d83addfffe7c1111"",""uplinkId"":33456,""gwTime"":""2025-11-25T12:05:23+00:00"",""nsTime"":""2025-11-25T12:05:23.353947734+00:00"",""timeSinceGpsEpoch"":""1448107.523s"",""rssi"":-60,""snr"":7.0,""channel"":7,""location"":{""latitude"":44.426782307853124,""longitude"":8.87980815270685,""source"":""GPS""},""context"":""aSWbgw=="",""crcStatus"":""CRC_OK""},{""gatewayId"":""d83addfffe7c2222"",""uplinkId"":29857,""gwTime"":""2025-11-25T12:05:23+00:00"",""nsTime"":""2025-11-25T12:05:23.354193634+00:00"",""timeSinceGpsEpoch"":""1448107.523s"",""rssi"":-60,""snr"":7.0,""channel"":7,""location"":{""latitude"":44.398434766449995,""longitude"":8.97613870000925,""source"":""GPS""},""context"":""aSWbgw=="",""crcStatus"":""CRC_OK""}],""txInfo"":{""frequency"":867900000,""modulation"":{""lora"":{""bandwidth"":125000,""spreadingFactor"":12,""codeRate"":""CR_4_5""}}},""regionConfigId"":""eu868""}"
2025-11-25T12:05:28,application/d54c3bb7-cc62-4055-b215-a27fc3744fa9/device/505b822573439a24/event/up,device,505b822573439a24,up,"{""deduplicationId"":""0fb97181-7df8-4fda-8eb9-93327e4302c5"",""time"":""1980-01-22T18:15:07.528+00:00"",""deviceInfo"":{""tenantId"":""7719f072-0097-4699-a4cd-5eb8d36eb080"",""tenantName"":""ChirpStack"",""applicationId"":""d54c3bb7-cc62-4055-b215-a27fc3744fa9"",""applicationName"":""app"",""deviceProfileId"":""63bc6c28-f5c8-4730-99ca-b292c19d06c0"",""deviceProfileName"":""device"",""deviceName"":""semaphore1 "",""devEui"":""505b822573439a24"",""deviceClassEnabled"":""CLASS_A"",""tags"":{}},""devAddr"":""00c3a8e7"",""adr"":false,""dr"":0,""fCnt"":111,""fPort"":1,""confirmed"":true,""data"":""TGlnaHQgaXMgUmVk"",""rxInfo"":[{""gatewayId"":""d83addfffe7c1111"",""uplinkId"":12466,""gwTime"":""2025-11-25T12:05:28+00:00"",""nsTime"":""2025-11-25T12:05:28.360214827+00:00"",""timeSinceGpsEpoch"":""1448107.528s"",""rssi"":-60,""snr"":7.0,""location"":{""latitude"":44.426782307853124,""longitude"":8.87980815270685,""source"":""GPS""},""context"":""aSWbiA=="",""crcStatus"":""CRC_OK""},{""gatewayId"":""d83addfffe7c2222"",""uplinkId"":38696,""gwTime"":""2025-11-25T12:05:28+00:00"",""nsTime"":""2025-11-25T12:05:28.360364928+00:00"",""timeSinceGpsEpoch"":""1448107.528s"",""rssi"":-60,""snr"":7.0,""location"":{""latitude"":44.398434766449995,""longitude"":8.97613870000925,""source"":""GPS""},""context"":""aSWbiA=="",""crcStatus"":""CRC_OK""}],""txInfo"":{""frequency"":868100000,""modulation"":{""lora"":{""bandwidth"":125000,""spreadingFactor"":12,""codeRate"":""CR_4_5""}}},""regionConfigId"":""eu868""}"
2025-11-25T12:05:29,application/d54c3bb7-cc62-4055-b215-a27fc3744fa9/device/1feb57301380d1e4/event/up,device,1feb57301380d1e4,up,"{""deduplicationId"":""0ba47455-47b6-4e45-8ca9-5a3d7b3250d0"",""time"":""1980-01-22T18:15:07.529+00:00"",""deviceInfo"":{""tenantId"":""7719f072-0097-4699-a4cd-5eb8d36eb080"",""tenantName"":""ChirpStack"",""applicationId"":""d54c3bb7-cc62-4055-b215-a27fc3744fa9"",""applicationName"":""app"",""deviceProfileId"":""63bc6c28-f5c8-4730-99ca-b292c19d06c0"",""deviceProfileName"":""device"",""deviceName"":""semaphore3 "",""devEui"":""1feb57301380d1e4"",""deviceClassEnabled"":""CLASS_A"",""tags"":{}},""devAddr"":""00e749d9"",""adr"":false,""dr"":0,""fCnt"":62,""fPort"":1,""confirmed"":true,""data"":""TGlnaHQgaXMgUmVk"",""rxInfo"":[{""gatewayId"":""d83addfffe7c2222"",""uplinkId"":10226,""gwTime"":""2025-11-25T12:05:29+00:00"",""nsTime"":""2025-11-25T12:05:29.356313488+00:00"",""timeSinceGpsEpoch"":""1448107.529s"",""rssi"":-60,""snr"":7.0,""channel"":6,""location"":{""latitude"":44.398434766449995,""longitude"":8.97613870000925,""source"":""GPS""},""context"":""aSWbiQ=="",""crcStatus"":""CRC_OK""},{""gatewayId"":""d83addfffe7c1111"",""uplinkId"":63956,""gwTime"":""2025-11-25T12:05:29+00:00"",""nsTime"":""2025-11-25T12:05:29.356164950+00:00"",""timeSinceGpsEpoch"":""1448107.529s"",""rssi"":-60,""snr"":7.0,""channel"":6,""location"":{""latitude"":44.426782307853124,""longitude"":8.87980815270685,""source"":""GPS""},""context"":""aSWbiQ=="",""crcStatus"":""CRC_OK""}],""txInfo"":{""frequency"":867700000,""modulation"":{""lora"":{""bandwidth"":125000,""spreadingFactor"":12,""codeRate"":""CR_4_5""}}},""regionConfigId"":""eu868""}"
2025-11-25T12:05:31,application/d54c3bb7-cc62-4055-b215-a27fc3744fa9/device/cc5a57ff44afc647/event/up,device,cc5a57ff44afc647,up,"{""deduplicationId"":""7ec83ccd-b529-45d4-8e4b-b3eb1e50890e"",""time"":""1980-01-22T18:15:07.531+00:00"",""deviceInfo"":{""tenantId"":""7719f072-0097-4699-a4cd-5eb8d36eb080"",""tenantName"":""ChirpStack"",""applicationId"":""d54c3bb7-cc62-4055-b215-a27fc3744fa9"",""applicationName"":""app"",""deviceProfileId"":""63bc6c28-f5c8-4730-99ca-b292c19d06c0"",""deviceProfileName"":""device"",""deviceName"":""semaphore5 "",""devEui"":""cc5a57ff44afc647"",""deviceClassEnabled"":""CLASS_A"",""tags"":{}},""devAddr"":""006ae842"",""adr"":false,""dr"":0,""fCnt"":53,""fPort"":1,""confirmed"":true,""data"":""TGlnaHQgaXMgUmVk"",""rxInfo"":[{""gatewayId"":""d83addfffe7c2222"",""uplinkId"":19100,""gwTime"":""2025-11-25T12:05:31+00:00"",""nsTime"":""2025-11-25T12:05:31.358010435+00:00"",""timeSinceGpsEpoch"":""1448107.531s"",""rssi"":-60,""snr"":7.0,""channel"":4,""location"":{""latitude"":44.398434766449995,""longitude"":8.97613870000925,""source"":""GPS""},""context"":""aSWbiw=="",""crcStatus"":""CRC_OK""}],""txInfo"":{""frequency"":867300000,""modulation"":{""lora"":{""bandwidth"":125000,""spreadingFactor"":12,""codeRate"":""CR_4_5""}}},""regionConfigId"":""eu868""}"
2025-11-25T12:05:34,application/d54c3bb7-cc62-4055-b215-a27fc3744fa9/device/08d2f7f3479e6e7d/event/up,device,08d2f7f3479e6e7d,up,"{""deduplicationId"":""b2fc8505-0b2c-41c9-998c-ca43d8f2ea8d"",""time"":""1980-01-22T18:15:07.534+00:00"",""deviceInfo"":{""tenantId"":""7719f072-0097-4699-a4cd-5eb8d36eb080"",""tenantName"":""ChirpStack"",""applicationId"":""d54c3bb7-cc62-4055-b215-a27fc3744fa9"",""applicationName"":""app"",""deviceProfileId"":""63bc6c28-f5c8-4730-99ca-b292c19d06c0"",""deviceProfileName"":""device"",""deviceName"":""semaphore2 "",""devEui"":""08d2f7f3479e6e7d"",""deviceClassEnabled"":""CLASS_A"",""tags"":{}},""devAddr"":""017358e7"",""adr"":false,""dr"":0,""fCnt"":91,""fPort"":1,""confirmed"":true,""data"":""TGlnaHQgaXMgR3JlZW4="",""rxInfo"":[{""gatewayId"":""d83addfffe7c1111"",""uplinkId"":37691,""gwTime"":""2025-11-25T12:05:34+00:00"",""nsTime"":""2025-11-25T12:05:34.354443775+00:00"",""timeSinceGpsEpoch"":""1448107.534s"",""rssi"":-60,""snr"":7.0,""location"":{""latitude"":44.426782307853124,""longitude"":8.87980815270685,""source"":""GPS""},""context"":""aSWbjg=="",""crcStatus"":""CRC_OK""},{""gatewayId"":""d83addfffe7c2222"",""uplinkId"":8987,""gwTime"":""2025-11-25T12:05:34+00:00"",""nsTime"":""2025-11-25T12:05:34.354622931+00:00"",""timeSinceGpsEpoch"":""1448107.534s"",""rssi"":-60,""snr"":7.0,""location"":{""latitude"":44.398434766449995,""longitude"":8.97613870000925,""source"":""GPS""},""context"":""aSWbjg=="",""crcStatus"":""CRC_OK""}],""txInfo"":{""frequency"":868100000,""modulation"":{""lora"":{""bandwidth"":125000,""spreadingFactor"":12,""codeRate"":""CR_4_5""}}},""regionConfigId"":""eu868""}"
2025-11-25T12:05:38,application/d54c3bb7-cc62-4055-b215-a27fc3744fa9/device/505b822573439a24/event/up,device,505b822573439a24,up,"{""deduplicationId"":""fd76dcd9-9116-4d30-b5dc-e006b435245a"",""time"":""1980-01-22T18:15:07.538+00:00"",""deviceInfo"":{""tenantId"":""7719f072-0097-4699-a4cd-5eb8d36eb080"",""tenantName"":""ChirpStack"",""applicationId"":""d54c3bb7-cc62-4055-b215-a27fc3744fa9"",""applicationName"":""app"",""deviceProfileId"":""63bc6c28-f5c8-4730-99ca-b292c19d06c0"",""deviceProfileName"":""device"",""deviceName"":""semaphore1 "",""devEui"":""505b822573439a24"",""deviceClassEnabled"":""CLASS_A"",""tags"":{}},""devAddr"":""00c3a8e7"",""adr"":false,""dr"":0,""fCnt"":112,""fPort"":1,""confirmed"":true,""data"":""TGlnaHQgaXMgUmVk"",""rxInfo"":[{""gatewayId"":""d83addfffe7c1111"",""uplinkId"":10747,""gwTime"":""2025-11-25T12:05:38+00:00"",""nsTime"":""2025-11-25T12:05:38.360328278+00:00"",""timeSinceGpsEpoch"":""1448107.538s"",""rssi"":-60,""snr"":7.0,""channel"":3,""location"":{""latitude"":44.426782307853124,""longitude"":8.87980815270685,""source"":""GPS""},""context"":""aSWbkg=="",""crcStatus"":""CRC_OK""},{""gatewayId"":""d83addfffe7c2222"",""uplinkId"":34078,""gwTime"":""2025-11-25T12:05:38+00:00"",""nsTime"":""2025-11-25T12:05:38.360772531+00:00"",""timeSinceGpsEpoch"":""1448107.538s"",""rssi"":-60,""snr"":7.0,""channel"":3,""location"":{""latitude"":44.398434766449995,""longitude"":8.97613870000925,""source"":""GPS""},""context"":""aSWbkg=="",""crcStatus"":""CRC_OK""}],""txInfo"":{""frequency"":867100000,""modulation"":{""lora"":{""bandwidth"":125000,""spreadingFactor"":12,""codeRate"":""CR_4_5""}}},""regionConfigId"":""eu868""}"
2025-11-25T12:05:41,application/d54c3bb7-cc62-4055-b215-a27fc3744fa9/device/1feb57301380d1e4/event/up,device,1feb57301380d1e4,up,"{""deduplicationId"":""f6d3d0d1-0bc6-44fb-8024-67c68e7b01ad"",""time"":""1980-01-22T18:15:07.541+00:00"",""deviceInfo"":{""tenantId"":""7719f072-0097-4699-a4cd-5eb8d36eb080"",""tenantName"":""ChirpStack"",""applicationId"":""d54c3bb7-cc62-4055-b215-a27fc3744fa9"",""applicationName"":""app"",""deviceProfileId"":""63bc6c28-f5c8-4730-99ca-b292c19d06c0"",""deviceProfileName"":""device"",""deviceName"":""semaphore3 "",""devEui"":""1feb57301380d1e4"",""deviceClassEnabled"":""CLASS_A"",""tags"":{}},""devAddr"":""00e749d9"",""adr"":false,""dr"":0,""fCnt"":63,""fPort"":1,""confirmed"":true,""data"":""TGlnaHQgaXMgUmVk"",""rxInfo"":[{""gatewayId"":""d83addfffe7c1111"",""uplinkId"":16822,""gwTime"":""2025-11-25T12:05:41+00:00"",""nsTime"":""2025-11-25T12:05:41.357648079+00:00"",""timeSinceGpsEpoch"":""1448107.541s"",""rssi"":-60,""snr"":7.0,""channel"":4,""location"":{""latitude"":44.426782307853124,""longitude"":8.87980815270685,""source"":""GPS""},""context"":""aSWblQ=="",""crcStatus"":""CRC_OK""},{""gatewayId"":""d83addfffe7c2222"",""uplinkId"":44888,""gwTime"":""2025-11-25T12:05:41+00:00"",""nsTime"":""2025-11-25T12:05:41.357185522+00:00"",""timeSinceGpsEpoch"":""1448107.541s"",""rssi"":-60,""snr"":7.0,""channel"":4,""location"":{""latitude"":44.398434766449995,""longitude"":8.97613870000925,""source"":""GPS""},""context"":""aSWblQ=="",""crcStatus"":""CRC_OK""}],""txInfo"":{""frequency"":867300000,""modulation"":{""lora"":{""bandwidth"":125000,""spreadingFactor"":12,""codeRate"":""CR_4_5""}}},""regionConfigId"":""eu868""}"
2025-11-25T12:05:45,application/d54c3bb7-cc62-4055-b215-a27fc3744fa9/device/08d2f7f3479e6e7d/event/up,device,08d2f7f3479e6e7d,up,"{""deduplicationId"":""70aa9af8-1819-4f96-9116-6dd66d71969e"",""time"":""1980-01-22T18:15:07.545+00:00"",""deviceInfo"":{""tenantId"":""7719f072-0097-4699-a4cd-5eb8d36eb080"",""tenantName"":""ChirpStack"",""applicationId"":""d54c3bb7-cc62-4055-b215-a27fc3744fa9"",""applicationName"":""app"",""deviceProfileId"":""63bc6c28-f5c8-4730-99ca-b292c19d06c0"",""deviceProfileName"":""device"",""deviceName"":""semaphore2 "",""devEui"":""08d2f7f3479e6e7d"",""deviceClassEnabled"":""CLASS_A"",""tags"":{}},""devAddr"":""017358e7"",""adr"":false,""dr"":0,""fCnt"":92,""fPort"":1,""confirmed"":true,""data"":""TGlnaHQgaXMgR3JlZW4="",""rxInfo"":[{""gatewayId"":""d83addfffe7c1111"",""uplinkId"":5835,""gwTime"":""2025-11-25T12:05:45+00:00"",""nsTime"":""2025-11-25T12:05:45.355491430+00:00"",""timeSinceGpsEpoch"":""1448107.545s"",""rssi"":-60,""snr"":7.0,""channel"":4,""location"":{""latitude"":44.426782307853124,""longitude"":8.87980815270685,""source"":""GPS""},""context"":""aSWbmQ=="",""crcStatus"":""CRC_OK""},{""gatewayId"":""d83addfffe7c2222"",""uplinkId"":36822,""gwTime"":""2025-11-25T12:05:45+00:00"",""nsTime"":""2025-11-25T12:05:45.355327653+00:00"",""timeSinceGpsEpoch"":""1448107.545s"",""rssi"":-60,""snr"":7.0,""channel"":4,""location"":{""latitude"":44.398434766449995,""longitude"":8.97613870000925,""source"":""GPS""},""context"":""aSWbmQ=="",""crcStatus"":""CRC_OK""}],""txInfo"":{""frequency"":867300000,""modulation"":{""lora"":{""bandwidth"":125000,""spreadingFactor"":12,""codeRate"":""CR_4_5""}}},""regionConfigId"":""eu868""}"
2025-11-25T12:05:45,application/d54c3bb7-cc62-4055-b215-a27fc3744fa9/device/cc5a57ff44afc647/event/up,device,cc5a57ff44afc647,up,"{""deduplicationId"":""b507196a-5bff-4122-8259-c559f5449621"",""time"":""1980-01-22T18:15:07.545+00:00"",""deviceInfo"":{""tenantId"":""7719f072-0097-4699-a4cd-5eb8d36eb080"",""tenantName"":""ChirpStack"",""applicationId"":""d54c3bb7-cc62-4055-b215-a27fc3744fa9"",""applicationName"":""app"",""deviceProfileId"":""63bc6c28-f5c8-4730-99ca-b292c19d06c0"",""deviceProfileName"":""device"",""deviceName"":""semaphore5 "",""devEui"":""cc5a57ff44afc647"",""deviceClassEnabled"":""CLASS_A"",""tags"":{}},""devAddr"":""006ae842"",""adr"":false,""dr"":0,""fCnt"":54,""fPort"":1,""confirmed"":true,""data"":""TGlnaHQgaXMgUmVk"",""rxInfo"":[{""gatewayId"":""d83addfffe7c2222"",""uplinkId"":20441,""gwTime"":""2025-11-25T12:05:45+00:00"",""nsTime"":""2025-11-25T12:05:45.358243884+00:00"",""timeSinceGpsEpoch"":""1448107.545s"",""rssi"":-60,""snr"":7.0,""channel"":5,""location"":{""latitude"":44.398434766449995,""longitude"":8.97613870000925,""source"":""GPS""},""context"":""aSWbmQ=="",""crcStatus"":""CRC_OK""}],""txInfo"":{""frequency"":867500000,""modulation"":{""lora"":{""bandwidth"":125000,""spreadingFactor"":12,""codeRate"":""CR_4_5""}}},""regionConfigId"":""eu868""}"
2025-11-25T12:05:48,application/d54c3bb7-cc62-4055-b215-a27fc3744fa9/device/505b822573439a24/event/up,device,505b822573439a24,up,"{""deduplicationId"":""00294e04-9379-478d-a1b9-7bd0a7705cc0"",""time"":""1980-01-22T18:15:07.548+00:00"",""deviceInfo"":{""tenantId"":""7719f072-0097-4699-a4cd-5eb8d36eb080"",""tenantName"":""ChirpStack"",""applicationId"":""d54c3bb7-cc62-4055-b215-a27fc3744fa9"",""applicationName"":""app"",""deviceProfileId"":""63bc6c28-f5c8-4730-99ca-b292c19d06c0"",""deviceProfileName"":""device"",""deviceName"":""semaphore1 "",""devEui"":""505b822573439a24"",""deviceClassEnabled"":""CLASS_A"",""tags"":{}},""devAddr"":""00c3a8e7"",""adr"":false,""dr"":0,""fCnt"":113,""fPort"":1,""confirmed"":true,""data"":""TGlnaHQgaXMgUmVk"",""rxInfo"":[{""gatewayId"":""d83addfffe7c1111"",""uplinkId"":51492,""gwTime"":""2025-11-25T12:05:48+00:00"",""nsTime"":""2025-11-25T12:05:48.358616534+00:00"",""timeSinceGpsEpoch"":""1448107.548s"",""rssi"":-60,""snr"":7.0,""channel"":2,""location"":{""latitude"":44.426782307853124,""longitude"":8.87980815270685,""source"":""GPS""},""context"":""aSWbnA=="",""crcStatus"":""CRC_OK""},{""gatewayId"":""d83addfffe7c2222"",""uplinkId"":43823,""gwTime"":""2025-11-25T12:05:48+00:00"",""nsTime"":""2025-11-25T12:05:48.359004982+00:00"",""timeSinceGpsEpoch"":""1448107.548s"",""rssi"":-60,""snr"":7.0,""channel"":2,""location"":{""latitude"":44.398434766449995,""longitude"":8.97613870000925,""source"":""GPS""},""context"":""aSWbnA=="",""crcStatus"":""CRC_OK""}],""txInfo"":{""frequency"":868500000,""modulation"":{""lora"":{""bandwidth"":125000,""spreadingFactor"":12,""codeRate"":""CR_4_5""}}},""regionConfigId"":""eu868""}"
2025-11-25T12:05:53,application/d54c3bb7-cc62-4055-b215-a27fc3744fa9/device/1feb57301380d1e4/event/up,device,1feb57301380d1e4,up,"{""deduplicationId"":""873b6af2-3b26-4046-acdc-7d21dd07fc48"",""time"":""1980-01-22T18:15:07.553+00:00"",""deviceInfo"":{""tenantId"":""7719f072-0097-4699-a4cd-5eb8d36eb080"",""tenantName"":""ChirpStack"",""applicationId"":""d54c3bb7-cc62-4055-b215-a27fc3744fa9"",""applicationName"":""app"",""deviceProfileId"":""63bc6c28-f5c8-4730-99ca-b292c19d06c0"",""deviceProfileName"":""device"",""deviceName"":""semaphore3 "",""devEui"":""1feb57301380d1e4"",""deviceClassEnabled"":""CLASS_A"",""tags"":{}},""devAddr"":""00e749d9"",""adr"":false,""dr"":0,""fCnt"":64,""fPort"":1,""confirmed"":true,""data"":""TGlnaHQgaXMgUmVk"",""rxInfo"":[{""gatewayId"":""d83addfffe7c2222"",""uplinkId"":34475,""gwTime"":""2025-11-25T12:05:53+00:00"",""nsTime"":""2025-11-25T12:05:53.356819492+00:00"",""timeSinceGpsEpoch"":""1448107.553s"",""rssi"":-60,""snr"":7.0,""channel"":5,""location"":{""latitude"":44.398434766449995,""longitude"":8.97613870000925,""source"":""GPS""},""context"":""aSWboQ=="",""crcStatus"":""CRC_OK""},{""gatewayId"":""d83addfffe7c1111"",""uplinkId"":20182,""gwTime"":""2025-11-25T12:05:53+00:00"",""nsTime"":""2025-11-25T12:05:53.356481899+00:00"",""timeSinceGpsEpoch"":""1448107.553s"",""rssi"":-60,""snr"":7.0,""channel"":5,""location"":{""latitude"":44.426782307853124,""longitude"":8.87980815270685,""source"":""GPS""},""context"":""aSWboQ=="",""crcStatus"":""CRC_OK""}],""txInfo"":{""frequency"":867500000,""modulation"":{""lora"":{""bandwidth"":125000,""spreadingFactor"":12,""codeRate"":""CR_4_5""}}},""regionConfigId"":""eu868""}"
2025-11-25T12:05:56,application/d54c3bb7-cc62-4055-b215-a27fc3744fa9/device/08d2f7f3479e6e7d/event/up,device,08d2f7f3479e6e7d,up,"{""deduplicationId"":""6134c9f8-c046-4177-a5ad-559dad650c87"",""time"":""1980-01-22T18:15:07.556+00:00"",""deviceInfo"":{""tenantId"":""7719f072-0097-4699-a4cd-5eb8d36eb080"",""tenantName"":""ChirpStack"",""applicationId"":""d54c3bb7-cc62-4055-b215-a27fc3744fa9"",""applicationName"":""app"",""deviceProfileId"":""63bc6c28-f5c8-4730-99ca-b292c19d06c0"",""deviceProfileName"":""device"",""deviceName"":""semaphore2 "",""devEui"":""08d2f7f3479e6e7d"",""deviceClassEnabled"":""CLASS_A"",""tags"":{}},""devAddr"":""017358e7"",""adr"":false,""dr"":0,""fCnt"":93,""fPort"":1,""confirmed"":true,""data"":""TGlnaHQgaXMgR3JlZW4="",""rxInfo"":[{""gatewayId"":""d83addfffe7c1111"",""uplinkId"":55658,""gwTime"":""2025-11-25T12:05:56+00:00"",""nsTime"":""2025-11-25T12:05:56.353345568+00:00"",""timeSinceGpsEpoch"":""1448107.556s"",""rssi"":-60,""snr"":7.0,""location"":{""latitude"":44.426782307853124,""longitude"":8.87980815270685,""source"":""GPS""},""context"":""aSWbpA=="",""crcStatus"":""CRC_OK""},{""gatewayId"":""d83addfffe7c2222"",""uplinkId"":61424,""gwTime"":""2025-11-25T12:05:56+00:00"",""nsTime"":""2025-11-25T12:05:56.353757560+00:00"",""timeSinceGpsEpoch"":""1448107.556s"",""rssi"":-60,""snr"":7.0,""location"":{""latitude"":44.398434766449995,""longitude"":8.97613870000925,""source"":""GPS""},""context"":""aSWbpA=="",""crcStatus"":""CRC_OK""}],""txInfo"":{""frequency"":868100000,""modulation"":{""lora"":{""bandwidth"":125000,""spreadingFactor"":12,""codeRate"":""CR_4_5""}}},""regionConfigId"":""eu868""}"
2025-11-25T12:05:58,application/d54c3bb7-cc62-4055-b215-a27fc3744fa9/device/505b822573439a24/event/up,device,505b822573439a24,up,"{""deduplicationId"":""9a2662d3-8b27-4a66-9ff8-f2410890047d"",""time"":""1980-01-22T18:15:07.558+00:00"",""deviceInfo"":{""tenantId"":""7719f072-0097-4699-a4cd-5eb8d36eb080"",""tenantName"":""ChirpStack"",""applicationId"":""d54c3bb7-cc62-4055-b215-a27fc3744fa9"",""applicationName"":""app"",""deviceProfileId"":""63bc6c28-f5c8-4730-99ca-b292c19d06c0"",""deviceProfileName"":""device"",""deviceName"":""semaphore1 "",""devEui"":""505b822573439a24"",""deviceClassEnabled"":""CLASS_A"",""tags"":{}},""devAddr"":""00c3a8e7"",""adr"":false,""dr"":0,""fCnt"":114,""fPort"":1,""confirmed"":true,""data"":""TGlnaHQgaXMgUmVk"",""rxInfo"":[{""gatewayId"":""d83addfffe7c2222"",""uplinkId"":6502,""gwTime"":""2025-11-25T12:05:58+00:00"",""nsTime"":""2025-11-25T12:05:58.359719192+00:00"",""timeSinceGpsEpoch"":""1448107.558s"",""rssi"":-60,""snr"":7.0,""location"":{""latitude"":44.398434766449995,""longitude"":8.97613870000925,""source"":""GPS""},""context"":""aSWbpg=="",""crcStatus"":""CRC_OK""},{""gatewayId"":""d83addfffe7c1111"",""uplinkId"":38725,""gwTime"":""2025-11-25T12:05:58+00:00"",""nsTime"":""2025-11-25T12:05:58.359428127+00:00"",""timeSinceGpsEpoch"":""1448107.558s"",""rssi"":-60,""snr"":7.0,""location"":{""latitude"":44.426782307853124,""longitude"":8.87980815270685,""source"":""GPS""},""context"":""aSWbpg=="",""crcStatus"":""CRC_OK""}],""txInfo"":{""frequency"":868100000,""modulation"":{""lora"":{""bandwidth"":125000,""spreadingFactor"":12,""codeRate"":""CR_4_5""}}},""regionConfigId"":""eu868""}"
2025-11-25T12:05:59,application/d54c3bb7-cc62-4055-b215-a27fc3744fa9/device/cc5a57ff44afc647/event/up,device,cc5a57ff44afc647,up,"{""deduplicationId"":""77ccee19-83a8-4f3a-975b-88eb322174ea"",""time"":""1980-01-22T18:15:07.559+00:00"",""deviceInfo"":{""tenantId"":""7719f072-0097-4699-a4cd-5eb8d36eb080"",""tenantName"":""ChirpStack"",""applicationId"":""d54c3bb7-cc62-4055-b215-a27fc3744fa9"",""applicationName"":""app"",""deviceProfileId"":""63bc6c28-f5c8-4730-99ca-b292c19d06c0"",""deviceProfileName"":""device"",""deviceName"":""semaphore5 "",""devEui"":""cc5a57ff44afc647"",""deviceClassEnabled"":""CLASS_A"",""tags"":{}},""devAddr"":""006ae842"",""adr"":false,""dr"":0,""fCnt"":55,""fPort"":1,""confirmed"":true,""data"":""TGlnaHQgaXMgUmVk"",""rxInfo"":[{""gatewayId"":""d83addfffe7c2222"",""uplinkId"":62648,""gwTime"":""2025-11-25T12:05:59+00:00"",""nsTime"":""2025-11-25T12:05:59.357233355+00:00"",""timeSinceGpsEpoch"":""1448107.559s"",""rssi"":-60,""snr"":7.0,""channel"":3,""location"":{""latitude"":44.398434766449995,""longitude"":8.97613870000925,""source"":""GPS""},""context"":""aSWbpw=="",""crcStatus"":""CRC_OK""}],""txInfo"":{""frequency"":867100000,""modulation"":{""lora"":{""bandwidth"":125000,""spreadingFactor"":12,""codeRate"":""CR_4_5""}}},""regionConfigId"":""eu868""}"
2025-11-25T12:06:05,application/d54c3bb7-cc62-4055-b215-a27fc3744fa9/device/1feb57301380d1e4/event/up,device,1feb57301380d1e4,up,"{""deduplicationId"":""3681a873-798e-4f83-8394-57171a3c6f23"",""time"":""1980-01-22T18:15:07.565+00:00"",""deviceInfo"":{""tenantId"":""7719f072-0097-4699-a4cd-5eb8d36eb080"",""tenantName"":""ChirpStack"",""applicationId"":""d54c3bb7-cc62-4055-b215-a27fc3744fa9"",""applicationName"":""app"",""deviceProfileId"":""63bc6c28-f5c8-4730-99ca-b292c19d06c0"",""deviceProfileName"":""device"",""deviceName"":""semaphore3 "",""devEui"":""1feb57301380d1e4"",""deviceClassEnabled"":""CLASS_A"",""tags"":{}},""devAddr"":""00e749d9"",""adr"":false,""dr"":0,""fCnt"":65,""fPort"":1,""confirmed"":true,""data"":""TGlnaHQgaXMgUmVk"",""rxInfo"":[{""gatewayId"":""d83addfffe7c2222"",""uplinkId"":25211,""gwTime"":""2025-11-25T12:06:05+00:00"",""nsTime"":""2025-11-25T12:06:05.356182765+00:00"",""timeSinceGpsEpoch"":""1448107.565s"",""rssi"":-60,""snr"":7.0,""channel"":1,""location"":{""latitude"":44.398434766449995,""longitude"":8.97613870000925,""source"":""GPS""},""context"":""aSWbrQ=="",""crcStatus"":""CRC_OK""},{""gatewayId"":""d83addfffe7c1111"",""uplinkId"":19714,""gwTime"":""2025-11-25T12:06:05+00:00"",""nsTime"":""2025-11-25T12:06:05.356027574+00:00"",""timeSinceGpsEpoch"":""1448107.565s"",""rssi"":-60,""snr"":7.0,""channel"":1,""location"":{""latitude"":44.426782307853124,""longitude"":8.87980815270685,""source"":""GPS""},""context"":""aSWbrQ=="",""crcStatus"":""CRC_OK""}],""txInfo"":{""frequency"":868300000,""modulation"":{""lora"":{""bandwidth"":125000,""spreadingFactor"":12,""codeRate"":""CR_4_5""}}},""regionConfigId"":""eu868""}"
2025-11-25T12:06:07,application/d54c3bb7-cc62-4055-b215-a27fc3744fa9/device/08d2f7f3479e6e7d/event/up,device,08d2f7f3479e6e7d,up,"{""deduplicationId"":""f779f1b1-4363-4119-bf4b-0de5588cb55d"",""time"":""1980-01-22T18:15:07.567+00:00"",""deviceInfo"":{""tenantId"":""7719f072-0097-4699-a4cd-5eb8d36eb080"",""tenantName"":""ChirpStack"",""applicationId"":""d54c3bb7-cc62-4055-b215-a27fc3744fa9"",""applicationName"":""app"",""deviceProfileId"":""63bc6c28-f5c8-4730-99ca-b292c19d06c0"",""deviceProfileName"":""device"",""deviceName"":""semaphore2 "",""devEui"":""08d2f7f3479e6e7d"",""deviceClassEnabled"":""CLASS_A"",""tags"":{}},""devAddr"":""017358e7"",""adr"":false,""dr"":0,""fCnt"":94,""fPort"":1,""confirmed"":true,""data"":""TGlnaHQgaXMgR3JlZW4="",""rxInfo"":[{""gatewayId"":""d83addfffe7c2222"",""uplinkId"":36398,""gwTime"":""2025-11-25T12:06:07+00:00"",""nsTime"":""2025-11-25T12:06:07.354073787+00:00"",""timeSinceGpsEpoch"":""1448107.567s"",""rssi"":-60,""snr"":7.0,""channel"":6,""location"":{""latitude"":44.398434766449995,""longitude"":8.97613870000925,""source"":""GPS""},""context"":""aSWbrw=="",""crcStatus"":""CRC_OK""},{""gatewayId"":""d83addfffe7c1111"",""uplinkId"":15935,""gwTime"":""2025-11-25T12:06:07+00:00"",""nsTime"":""2025-11-25T12:06:07.353835290+00:00"",""timeSinceGpsEpoch"":""1448107.567s"",""rssi"":-60,""snr"":7.0,""channel"":6,""location"":{""latitude"":44.426782307853124,""longitude"":8.87980815270685,""source"":""GPS""},""context"":""aSWbrw=="",""crcStatus"":""CRC_OK""}],""txInfo"":{""frequency"":867700000,""modulation"":{""lora"":{""bandwidth"":125000,""spreadingFactor"":12,""codeRate"":""CR_4_5""}}},""regionConfigId"":""eu868""}"
2025-11-25T12:06:08,application/d54c3bb7-cc62-4055-b215-a27fc3744fa9/device/505b822573439a24/event/up,device,505b822573439a24,up,"{""deduplicationId"":""dfff5fe6-e72f-4ef7-bb28-9ba6c3b42ac5"",""time"":""1980-01-22T18:15:07.568+00:00"",""deviceInfo"":{""tenantId"":""7719f072-0097-4699-a4cd-5eb8d36eb080"",""tenantName"":""ChirpStack"",""applicationId"":""d54c3bb7-cc62-4055-b215-a27fc3744fa9"",""applicationName"":""app"",""deviceProfileId"":""63bc6c28-f5c8-4730-99ca-b292c19d06c0"",""deviceProfileName"":""device"",""deviceName"":""semaphore1 "",""devEui"":""505b822573439a24"",""deviceClassEnabled"":""CLASS_A"",""tags"":{}},""devAddr"":""00c3a8e7"",""adr"":false,""dr"":0,""fCnt"":115,""fPort"":1,""confirmed"":true,""data"":""TGlnaHQgaXMgUmVk"",""rxInfo"":[{""gatewayId"":""d83addfffe7c1111"",""uplinkId"":15377,""gwTime"":""2025-11-25T12:06:08+00:00"",""nsTime"":""2025-11-25T12:06:08.360769698+00:00"",""timeSinceGpsEpoch"":""1448107.568s"",""rssi"":-60,""snr"":7.0,""channel"":4,""location"":{""latitude"":44.426782307853124,""longitude"":8.87980815270685,""source"":""GPS""},""context"":""aSWbsA=="",""crcStatus"":""CRC_OK""},{""gatewayId"":""d83addfffe7c2222"",""uplinkId"":37743,""gwTime"":""2025-11-25T12:06:08+00:00"",""nsTime"":""2025-11-25T12:06:08.360396529+00:00"",""timeSinceGpsEpoch"":""1448107.568s"",""rssi"":-60,""snr"":7.0,""channel"":4,""location"":{""latitude"":44.398434766449995,""longitude"":8.97613870000925,""source"":""GPS""},""context"":""aSWbsA=="",""crcStatus"":""CRC_OK""}],""txInfo"":{""frequency"":867300000,""modulation"":{""lora"":{""bandwidth"":125000,""spreadingFactor"":12,""codeRate"":""CR_4_5""}}},""regionConfigId"":""eu868""}"
2025-11-25T12:06:13,application/d54c3bb7-cc62-4055-b215-a27fc3744fa9/device/cc5a57ff44afc647/event/log,device,cc5a57ff44afc647,log,"{""time"":""1980-01-22T18:15:07.573+00:00"",""deviceInfo"":{""tenantId"":""7719f072-0097-4699-a4cd-5eb8d36eb080"",""tenantName"":""ChirpStack"",""applicationId"":""d54c3bb7-cc62-4055-b215-a27fc3744fa9"",""applicationName"":""app"",""deviceProfileId"":""63bc6c28-f5c8-4730-99ca-b292c19d06c0"",""deviceProfileName"":""device"",""deviceName"":""semaphore5 "",""devEui"":""cc5a57ff44afc647"",""deviceClassEnabled"":""CLASS_A"",""tags"":{}},""level"":""WARNING"",""code"":""UPLINK_F_CNT_RETRANSMISSION"",""description"":""Uplink was flagged as re-transmission / frame-counter did not increment"",""context"":{""deduplication_id"":""b8ac4c31-332e-46f0-8bef-9c80ee11f1e9""}}"
2025-11-25T12:06:17,application/d54c3bb7-cc62-4055-b215-a27fc3744fa9/device/1feb57301380d1e4/event/up,device,1feb57301380d1e4,up,"{""deduplicationId"":""209a4a92-19f0-4971-8c10-36acace63a2b"",""time"":""1980-01-22T18:15:07.577+00:00"",""deviceInfo"":{""tenantId"":""7719f072-0097-4699-a4cd-5eb8d36eb080"",""tenantName"":""ChirpStack"",""applicationId"":""d54c3bb7-cc62-4055-b215-a27fc3744fa9"",""applicationName"":""app"",""deviceProfileId"":""63bc6c28-f5c8-4730-99ca-b292c19d06c0"",""deviceProfileName"":""device"",""deviceName"":""semaphore3 "",""devEui"":""1feb57301380d1e4"",""deviceClassEnabled"":""CLASS_A"",""tags"":{}},""devAddr"":""00e749d9"",""adr"":false,""dr"":0,""fCnt"":66,""fPort"":1,""confirmed"":true,""data"":""TGlnaHQgaXMgUmVk"",""rxInfo"":[{""gatewayId"":""d83addfffe7c2222"",""uplinkId"":25241,""gwTime"":""2025-11-25T12:06:17+00:00"",""nsTime"":""2025-11-25T12:06:17.358757457+00:00"",""timeSinceGpsEpoch"":""1448107.577s"",""rssi"":-60,""snr"":7.0,""channel"":3,""location"":{""latitude"":44.398434766449995,""longitude"":8.97613870000925,""source"":""GPS""},""context"":""aSWbuQ=="",""crcStatus"":""CRC_OK""},{""gatewayId"":""d83addfffe7c1111"",""uplinkId"":19348,""gwTime"":""2025-11-25T12:06:17+00:00"",""nsTime"":""2025-11-25T12:06:17.358619118+00:00"",""timeSinceGpsEpoch"":""1448107.577s"",""rssi"":-60,""snr"":7.0,""channel"":3,""location"":{""latitude"":44.426782307853124,""longitude"":8.87980815270685,""source"":""GPS""},""context"":""aSWbuQ=="",""crcStatus"":""CRC_OK""}],""txInfo"":{""frequency"":867100000,""modulation"":{""lora"":{""bandwidth"":125000,""spreadingFactor"":12,""codeRate"":""CR_4_5""}}},""regionConfigId"":""eu868""}"
2025-11-25T12:06:18,application/d54c3bb7-cc62-4055-b215-a27fc3744fa9/device/08d2f7f3479e6e7d/event/up,device,08d2f7f3479e6e7d,up,"{""deduplicationId"":""c129d4ab-bcb1-4d36-919a-8eff994db9d4"",""time"":""1980-01-22T18:15:07.578+00:00"",""deviceInfo"":{""tenantId"":""7719f072-0097-4699-a4cd-5eb8d36eb080"",""tenantName"":""ChirpStack"",""applicationId"":""d54c3bb7-cc62-4055-b215-a27fc3744fa9"",""applicationName"":""app"",""deviceProfileId"":""63bc6c28-f5c8-4730-99ca-b292c19d06c0"",""deviceProfileName"":""device"",""deviceName"":""semaphore2 "",""devEui"":""08d2f7f3479e6e7d"",""deviceClassEnabled"":""CLASS_A"",""tags"":{}},""devAddr"":""017358e7"",""adr"":false,""dr"":0,""fCnt"":95,""fPort"":1,""confirmed"":true,""data"":""TGlnaHQgaXMgR3JlZW4="",""rxInfo"":[{""gatewayId"":""d83addfffe7c2222"",""uplinkId"":1617,""gwTime"":""2025-11-25T12:06:18+00:00"",""nsTime"":""2025-11-25T12:06:18.354325587+00:00"",""timeSinceGpsEpoch"":""1448107.578s"",""rssi"":-60,""snr"":7.0,""location"":{""latitude"":44.398434766449995,""longitude"":8.97613870000925,""source"":""GPS""},""context"":""aSWbug=="",""crcStatus"":""CRC_OK""},{""gatewayId"":""d83addfffe7c1111"",""uplinkId"":62206,""gwTime"":""2025-11-25T12:06:18+00:00"",""nsTime"":""2025-11-25T12:06:18.354459177+00:00"",""timeSinceGpsEpoch"":""1448107.578s"",""rssi"":-60,""snr"":7.0,""location"":{""latitude"":44.426782307853124,""longitude"":8.87980815270685,""source"":""GPS""},""context"":""aSWbug=="",""crcStatus"":""CRC_OK""}],""txInfo"":{""frequency"":868100000,""modulation"":{""lora"":{""bandwidth"":125000,""spreadingFactor"":12,""codeRate"":""CR_4_5""}}},""regionConfigId"":""eu868""}"
2025-11-25T12:06:18,application/d54c3bb7-cc62-4055-b215-a27fc3744fa9/device/505b822573439a24/event/up,device,505b822573439a24,up,"{""deduplicationId"":""b009fcc7-806e-48be-a3ca-41e7442076d5"",""time"":""1980-01-22T18:15:07.578+00:00"",""deviceInfo"":{""tenantId"":""7719f072-0097-4699-a4cd-5eb8d36eb080"",""tenantName"":""ChirpStack"",""applicationId"":""d54c3bb7-cc62-4055-b215-a27fc3744fa9"",""applicationName"":""app"",""deviceProfileId"":""63bc6c28-f5c8-4730-99ca-b292c19d06c0"",""deviceProfileName"":""device"",""deviceName"":""semaphore1 "",""devEui"":""505b822573439a24"",""deviceClassEnabled"":""CLASS_A"",""tags"":{}},""devAddr"":""00c3a8e7"",""adr"":false,""dr"":0,""fCnt"":116,""fPort"":1,""confirmed"":true,""data"":""TGlnaHQgaXMgUmVk"",""rxInfo"":[{""gatewayId"":""d83addfffe7c1111"",""uplinkId"":43238,""gwTime"":""2025-11-25T12:06:18+00:00"",""nsTime"":""2025-11-25T12:06:18.359481464+00:00"",""timeSinceGpsEpoch"":""1448107.578s"",""rssi"":-60,""snr"":7.0,""location"":{""latitude"":44.426782307853124,""longitude"":8.87980815270685,""source"":""GPS""},""context"":""aSWbug=="",""crcStatus"":""CRC_OK""},{""gatewayId"":""d83addfffe7c2222"",""uplinkId"":49721,""gwTime"":""2025-11-25T12:06:18+00:00"",""nsTime"":""2025-11-25T12:06:18.359588585+00:00"",""timeSinceGpsEpoch"":""1448107.578s"",""rssi"":-60,""snr"":7.0,""location"":{""latitude"":44.398434766449995,""longitude"":8.97613870000925,""source"":""GPS""},""context"":""aSWbug=="",""crcStatus"":""CRC_OK""}],""txInfo"":{""frequency"":868100000,""modulation"":{""lora"":{""bandwidth"":125000,""spreadingFactor"":12,""codeRate"":""CR_4_5""}}},""regionConfigId"":""eu868""}"
2025-11-25T12:06:27,application/d54c3bb7-cc62-4055-b215-a27fc3744fa9/device/cc5a57ff44afc647/event/join,device,cc5a57ff44afc647,join,"{""deduplicationId"":""7c318eaa-8dcd-4b55-a4ab-8fba5ca2e7c3"",""time"":""1980-01-22T18:15:07.587+00:00"",""deviceInfo"":{""tenantId"":""7719f072-0097-4699-a4cd-5eb8d36eb080"",""tenantName"":""ChirpStack"",""applicationId"":""d54c3bb7-cc62-4055-b215-a27fc3744fa9"",""applicationName"":""app"",""deviceProfileId"":""63bc6c28-f5c8-4730-99ca-b292c19d06c0"",""deviceProfileName"":""device"",""deviceName"":""semaphore5 "",""devEui"":""cc5a57ff44afc647"",""deviceClassEnabled"":""CLASS_A"",""tags"":{}},""devAddr"":""01f77581"",""regionConfigId"":""eu868""}"
2025-11-25T12:06:28,application/d54c3bb7-cc62-4055-b215-a27fc3744fa9/device/505b822573439a24/event/log,device,505b822573439a24,log,"{""time"":""1980-01-22T18:15:07.588+00:00"",""deviceInfo"":{""tenantId"":""7719f072-0097-4699-a4cd-5eb8d36eb080"",""tenantName"":""ChirpStack"",""applicationId"":""d54c3bb7-cc62-4055-b215-a27fc3744fa9"",""applicationName"":""app"",""deviceProfileId"":""63bc6c28-f5c8-4730-99ca-b292c19d06c0"",""deviceProfileName"":""device"",""deviceName"":""semaphore1 "",""devEui"":""505b822573439a24"",""deviceClassEnabled"":""CLASS_A"",""tags"":{}},""level"":""WARNING"",""code"":""UPLINK_F_CNT_RETRANSMISSION"",""description"":""Uplink was flagged as re-transmission / frame-counter did not increment"",""context"":{""deduplication_id"":""21d06b47-fb8e-4a27-bb58-23e242d27944""}}"
2025-11-25T12:06:29,application/d54c3bb7-cc62-4055-b215-a27fc3744fa9/device/08d2f7f3479e6e7d/event/log,device,08d2f7f3479e6e7d,log,"{""time"":""1980-01-22T18:15:07.589+00:00"",""deviceInfo"":{""tenantId"":""7719f072-0097-4699-a4cd-5eb8d36eb080"",""tenantName"":""ChirpStack"",""applicationId"":""d54c3bb7-cc62-4055-b215-a27fc3744fa9"",""applicationName"":""app"",""deviceProfileId"":""63bc6c28-f5c8-4730-99ca-b292c19d06c0"",""deviceProfileName"":""device"",""deviceName"":""semaphore2 "",""devEui"":""08d2f7f3479e6e7d"",""deviceClassEnabled"":""CLASS_A"",""tags"":{}},""level"":""WARNING"",""code"":""UPLINK_F_CNT_RETRANSMISSION"",""description"":""Uplink was flagged as re-transmission / frame-counter did not increment"",""context"":{""deduplication_id"":""9da6291b-5bc5-4cf2-a134-be878521146f""}}"
2025-11-25T12:06:29,application/d54c3bb7-cc62-4055-b215-a27fc3744fa9/device/1feb57301380d1e4/event/up,device,1feb57301380d1e4,up,"{""deduplicationId"":""7b6513bb-2209-4a72-b60a-1fee0c187430"",""time"":""1980-01-22T18:15:07.589+00:00"",""deviceInfo"":{""tenantId"":""7719f072-0097-4699-a4cd-5eb8d36eb080"",""tenantName"":""ChirpStack"",""applicationId"":""d54c3bb7-cc62-4055-b215-a27fc3744fa9"",""applicationName"":""app"",""deviceProfileId"":""63bc6c28-f5c8-4730-99ca-b292c19d06c0"",""deviceProfileName"":""device"",""deviceName"":""semaphore3 "",""devEui"":""1feb57301380d1e4"",""deviceClassEnabled"":""CLASS_A"",""tags"":{}},""devAddr"":""00e749d9"",""adr"":false,""dr"":0,""fCnt"":67,""fPort"":1,""confirmed"":true,""data"":""TGlnaHQgaXMgUmVk"",""rxInfo"":[{""gatewayId"":""d83addfffe7c2222"",""uplinkId"":48068,""gwTime"":""2025-11-25T12:06:29+00:00"",""nsTime"":""2025-11-25T12:06:29.355526011+00:00"",""timeSinceGpsEpoch"":""1448107.589s"",""rssi"":-60,""snr"":7.0,""channel"":2,""location"":{""latitude"":44.398434766449995,""longitude"":8.97613870000925,""source"":""GPS""},""context"":""aSWbxQ=="",""crcStatus"":""CRC_OK""},{""gatewayId"":""d83addfffe7c1111"",""uplinkId"":46279,""gwTime"":""2025-11-25T12:06:29+00:00"",""nsTime"":""2025-11-25T12:06:29.355704445+00:00"",""timeSinceGpsEpoch"":""1448107.589s"",""rssi"":-60,""snr"":7.0,""channel"":2,""location"":{""latitude"":44.426782307853124,""longitude"":8.87980815270685,""source"":""GPS""},""context"":""aSWbxQ=="",""crcStatus"":""CRC_OK""}],""txInfo"":{""frequency"":868500000,""modulation"":{""lora"":{""bandwidth"":125000,""spreadingFactor"":12,""codeRate"":""CR_4_5""}}},""regionConfigId"":""eu868""}"
